y_true,LR_prob,LR_pred,SVM_RBF_prob,SVM_RBF_pred,SVM_Linear_prob,SVM_Linear_pred,RandomForest_prob,RandomForest_pred
1,0.2869808748355652,0,0.31335046880394246,0,0.34065626436028396,0,0.4,0
0,0.19870003603874897,0,0.30422716699064567,0,0.2710239722107196,0,0.06,0
1,0.4564965353091695,0,0.5379807610887615,1,0.46685115876619776,0,0.38,0
0,0.24745589883842015,0,0.31005154684940767,0,0.2924580387836428,0,0.21666666666666667,0
1,0.6800966299094207,1,0.7950006268011177,1,0.7739301103352307,1,0.9066666666666666,1
0,0.32169743618884256,0,0.32892807102541205,0,0.3308007632510879,0,0.5066666666666667,1
1,0.4802244567490099,0,0.4497209573476671,0,0.4851726211913303,0,0.4166666666666667,0
0,0.26542081092078423,0,0.31200763355569877,0,0.29262041426206864,0,0.11666666666666667,0
0,0.48152581357932134,0,0.39730310161958676,0,0.48313393808935146,0,0.56,1
1,0.3212247610636039,0,0.3572342395433176,0,0.35564430056056723,0,0.28,0
0,0.25483220765904446,0,0.30083277393717595,0,0.3011572934243057,0,0.25,0
1,0.28377686349567743,0,0.30239500794947505,0,0.3153657438000757,0,0.21333333333333335,0
0,0.2836125552801375,0,0.30933316838007596,0,0.3352398415480599,0,0.35333333333333333,0
1,0.37782710477626263,0,0.3508852838778756,0,0.3823390144646941,0,0.3433333333333333,0
0,0.2510273103792727,0,0.3033465370159058,0,0.26108867624146076,0,0.29,0
1,0.24567758204623946,0,0.3003805539543294,0,0.3313270051151397,0,0.58,1
1,0.29866523266563716,0,0.3106061971901096,0,0.30511300365878685,0,0.20333333333333334,0
0,0.8953529194929961,1,0.7863089046074265,1,0.8892111454488453,1,0.7166666666666667,1
0,0.1869964279950757,0,0.3144845248914221,0,0.27093027692099925,0,0.10333333333333333,0
0,0.5159616589260848,1,0.5245292834938757,1,0.5822664137284789,1,0.37333333333333335,0
1,0.7660509655387742,1,0.8153997752450707,1,0.7618536395135904,1,0.6433333333333333,1
0,0.25041447365937575,0,0.30169643028345183,0,0.24854409207427858,0,0.34,0
0,0.27454894570729965,0,0.3061049809535884,0,0.3056222417451669,0,0.3933333333333333,0
0,0.7124667826658215,1,0.8017601536335048,1,0.7612445199702608,1,0.5133333333333333,1
0,0.5663022228433207,1,0.6062030579264678,1,0.5562003865618824,1,0.5166666666666667,1
0,0.7234558334523328,1,0.743149036238077,1,0.754551997196831,1,0.7866666666666666,1
1,0.739461132564332,1,0.8123319334810165,1,0.7136517331036475,1,0.6466666666666666,1
1,0.32757441940685544,0,0.30789029309904786,0,0.3273855164198678,0,0.27,0
0,0.3700301102761984,0,0.3161667266157395,0,0.3234843192271821,0,0.44,0
1,0.7254157136124035,1,0.7902274958811693,1,0.7517170665342767,1,0.7166666666666667,1
1,0.9318854341829175,1,0.8048044479780508,1,0.896880035248469,1,0.84,1
0,0.2851087246572507,0,0.29794241930622867,0,0.3115935220855366,0,0.4,0
0,0.2272516954016158,0,0.30359075302278793,0,0.28317847548041747,0,0.3,0
0,0.8424062866499636,1,0.8351137614871038,1,0.854637517744139,1,0.8966666666666666,1
1,0.722272012562885,1,0.8036799428448919,1,0.7180863290696984,1,0.7066666666666667,1
1,0.2437313881472803,0,0.3101206359677655,0,0.286862879522233,0,0.20666666666666667,0
0,0.2448690999247289,0,0.30486673129076797,0,0.2374165003979608,0,0.18333333333333332,0
0,0.2870619862339655,0,0.2950257610491649,0,0.2752386280140114,0,0.3333333333333333,0
1,0.28809839791123837,0,0.3050189206239437,0,0.3432348054775805,0,0.16,0
0,0.5525315149075386,1,0.6490965998424199,1,0.6161856990345715,1,0.47,0
1,0.3285088438729445,0,0.38209609391683474,0,0.3334641881471066,0,0.4766666666666667,0
0,0.4154427957614429,0,0.40391601927620757,0,0.41072020085259214,0,0.3933333333333333,0
1,0.9768666880210066,1,0.8240108935603438,1,0.9389363328154383,1,0.7966666666666666,1
0,0.511290023066507,1,0.517530854653055,1,0.5120085372389629,1,0.31666666666666665,0
0,0.7679516291893695,1,0.7819477957994369,1,0.7454886605955222,1,0.83,1
1,0.33292255990889175,0,0.3097219796021994,0,0.34457149335991566,0,0.6066666666666667,1
1,0.2777184300363751,0,0.2936009882287989,0,0.30087732724683436,0,0.17666666666666667,0
0,0.3572444528680329,0,0.34964525354975695,0,0.35347582824345747,0,0.39,0
0,0.5683708921242976,1,0.779436568983362,1,0.603028433601066,1,0.7,1
0,0.7033410885716487,1,0.796020489682917,1,0.7641177446435702,1,0.5866666666666667,1
1,0.25710429005155777,0,0.30309164084528656,0,0.28494439810506555,0,0.15333333333333332,0
1,0.3204700723600013,0,0.30749615002834496,0,0.3056337300622704,0,0.51,1
1,0.29122820577933417,0,0.30874537893513093,0,0.3378606936405703,0,0.22666666666666666,0
1,0.2542641659645287,0,0.2858913207752665,0,0.2698546174233965,0,0.41,0
1,0.8588085053411476,1,0.8266114826740637,1,0.7987149146903637,1,0.9666666666666667,1
0,0.479513833242806,0,0.44783658877091337,0,0.49011127772292246,0,0.6933333333333334,1
1,0.9535664250141845,1,0.8023705542538024,1,0.9172950833511345,1,0.8933333333333333,1
1,0.5965704600573659,1,0.6951190160495224,1,0.650909564425919,1,0.5033333333333333,1
0,0.25918518196347845,0,0.31174684546255027,0,0.30954899627972554,0,0.23,0
0,0.3160135271081685,0,0.30768448777993673,0,0.34030503332329365,0,0.17666666666666667,0
1,0.784411988534025,1,0.8111555673519658,1,0.8075131048230813,1,0.8566666666666667,1
0,0.2901578987284947,0,0.3026281336029166,0,0.30514144901340584,0,0.3333333333333333,0
1,0.5528513145554965,1,0.5910338733555729,1,0.5445238447585473,1,0.73,1
1,0.8985982329981407,1,0.8082788187560194,1,0.8828731499918194,1,0.9533333333333334,1
1,0.56454204249146,1,0.5562909415655326,1,0.5774884768761661,1,0.47,0
1,0.9704183913428972,1,0.8300739435087154,1,0.9417963297356903,1,0.8566666666666667,1
1,0.8155310761954305,1,0.8148310700817066,1,0.842335676127197,1,0.56,1
1,0.3411958759981385,0,0.337865128252925,0,0.3647705931323627,0,0.47333333333333333,0
0,0.6025343229166684,1,0.5916377968522114,1,0.5204300816996367,1,0.62,1
1,0.8538098564458414,1,0.8076993901639349,1,0.7932828554711222,1,0.8766666666666667,1
1,0.7505938697681827,1,0.824932991587945,1,0.7687425013323521,1,0.58,1
0,0.30246626113090314,0,0.3101192312893575,0,0.3221787939001137,0,0.32666666666666666,0
0,0.2310702859389338,0,0.3075956533317077,0,0.2575194938235444,0,0.18,0
1,0.4734909764437174,0,0.47391288494284217,0,0.44303887358130495,0,0.31,0
1,0.8878437794142287,1,0.83299026022453,1,0.8378307225164674,1,0.97,1
0,0.6534802098707496,1,0.7807461200789975,1,0.7213274897588989,1,0.88,1
1,0.5866897205220084,1,0.6543731773275667,1,0.6025903407760289,1,0.6633333333333333,1
1,0.3440520651633342,0,0.3450176923649022,0,0.39506818493909995,0,0.35333333333333333,0
0,0.20921322241250567,0,0.30828729625227824,0,0.28592815017268114,0,0.5466666666666666,1
1,0.6598477713766432,1,0.7751525080449911,1,0.672580832721068,1,0.74,1
1,0.7848474082695933,1,0.8246688560235474,1,0.7791386808695832,1,0.7666666666666667,1
0,0.5799180023378252,1,0.7339628230232357,1,0.6228654761999552,1,0.4033333333333333,0
1,0.2880120243251713,0,0.2922137302391731,0,0.33068887399738806,0,0.48333333333333334,0
1,0.846116246194187,1,0.8256257183609529,1,0.78927930870586,1,0.9266666666666666,1
1,0.6275049700120058,1,0.7510737623791912,1,0.6847580230629781,1,0.6633333333333333,1
0,0.5789636037361165,1,0.572149425489188,1,0.5772526979311015,1,0.5466666666666666,1
1,0.6956543528045617,1,0.8079183196964238,1,0.7214641024079049,1,0.74,1
0,0.5180600542733137,1,0.4901730384481694,0,0.4818685609997317,0,0.25666666666666665,0
1,0.560941179153185,1,0.7152706093814076,1,0.6587893911902516,1,0.58,1
1,0.771434526664824,1,0.8224721111255322,1,0.7931908838004124,1,0.76,1
1,0.6112571421533548,1,0.7079251791880734,1,0.6383144755206877,1,0.55,1
0,0.27180969614001654,0,0.3007530909251497,0,0.2939892913059847,0,0.4266666666666667,0
1,0.6149085936319829,1,0.7025492178852181,1,0.6678543786736217,1,0.7066666666666667,1
1,0.7116683665480417,1,0.7263863556520588,1,0.7115709800433004,1,0.56,1
1,0.4712862066751567,0,0.4188425447734472,0,0.47075832080881747,0,0.19,0
0,0.7980935811223583,1,0.8305618377629327,1,0.8210156418944398,1,0.8633333333333333,1
1,0.17763805311353348,0,0.3020895807472433,0,0.24131448780356757,0,0.41,0
1,0.8625757428190298,1,0.8259598918886027,1,0.8421283807085524,1,0.8,1
1,0.96248077118328,1,0.8123916522102049,1,0.9229766357571816,1,0.79,1
0,0.27966114894020705,0,0.30403296689949505,0,0.29095302107585047,0,0.2866666666666667,0
1,0.27261545488411276,0,0.305053506614837,0,0.2776705791799884,0,0.23333333333333334,0
1,0.4983086324104584,0,0.5304895993648738,1,0.5294883859884734,1,0.4,0
0,0.43911621237428144,0,0.4166992525388775,0,0.4286532052347282,0,0.53,1
1,0.584200038294785,1,0.6674537741504164,1,0.6262660621687828,1,0.6266666666666667,1
0,0.3224334673614886,0,0.3106708236777885,0,0.353243320078535,0,0.29,0
0,0.4002116561065254,0,0.3433323344971511,0,0.4268125684360767,0,0.38666666666666666,0
1,0.5930858299953788,1,0.7296252324890676,1,0.67352358779768,1,0.68,1
1,0.7224793550384788,1,0.8061490866749418,1,0.7214398046259133,1,0.4266666666666667,0
0,0.700663542792007,1,0.7582745042232203,1,0.7289047726700604,1,0.44333333333333336,0
1,0.8014113100203862,1,0.812261735833086,1,0.838387798214217,1,0.8266666666666667,1
1,0.35067226525973055,0,0.3082261863930465,0,0.3443547039625719,0,0.36333333333333334,0
1,0.6223498724628103,1,0.7874126738108806,1,0.7176584078715987,1,0.8433333333333334,1
0,0.5739328824434715,1,0.71221439537412,1,0.6723374638241852,1,0.6733333333333333,1
0,0.42272142088964343,0,0.3287654097922168,0,0.3744025427824028,0,0.2866666666666667,0
1,0.9430033664377591,1,0.8073937797523166,1,0.8916128945305997,1,0.97,1
0,0.4988729927534688,0,0.36080632333208923,0,0.46988774518159604,0,0.36666666666666664,0
0,0.2783896222640229,0,0.3079293305235409,0,0.3225027161646424,0,0.10333333333333333,0
0,0.331355867341577,0,0.308905895375524,0,0.4254500280871202,0,0.30666666666666664,0
0,0.8764143698462938,1,0.8246111117588448,1,0.8508059693619459,1,0.9833333333333333,1
0,0.35450605458166506,0,0.35789398846786225,0,0.3704457302725124,0,0.6366666666666667,1
0,0.202263724667368,0,0.3117163859712443,0,0.2861720344784167,0,0.12666666666666668,0
0,0.5004497364374374,1,0.47880100672736564,0,0.4836366582824822,0,0.5666666666666667,1
1,0.8723639276374966,1,0.8187953315792658,1,0.8185325198811354,1,0.7333333333333333,1
1,0.6853759505998279,1,0.7948619432878148,1,0.6997596786493854,1,0.5533333333333333,1
0,0.24779719869181796,0,0.30689482477317176,0,0.27900467938574625,0,0.3233333333333333,0
0,0.6129511103005303,1,0.7452244233235665,1,0.6280815160772506,1,0.63,1
1,0.5342702252373864,1,0.6200185274614187,1,0.6327466172700322,1,0.33666666666666667,0
1,0.28235728960079953,0,0.30722821730417904,0,0.30044814807698045,0,0.51,1
1,0.5770724971992428,1,0.6917258629027502,1,0.6227762960242493,1,0.64,1
0,0.628245406687183,1,0.755306340764645,1,0.7121443363216027,1,0.69,1
0,0.6367843013628282,1,0.7270983028636394,1,0.6620686093568593,1,0.5366666666666666,1
1,0.39419113828379965,0,0.38356947065870967,0,0.4084219191270527,0,0.4666666666666667,0
0,0.4612498221922387,0,0.4047302597882464,0,0.42562530718734554,0,0.4666666666666667,0
0,0.36182408269831906,0,0.35056810136552125,0,0.37394932943670633,0,0.39,0
0,0.25731829820175733,0,0.30561760154605494,0,0.29496656572540886,0,0.22333333333333333,0
1,0.3929208940610049,0,0.3302685892340381,0,0.3639278855596925,0,0.30333333333333334,0
1,0.5831485763837277,1,0.7442529008551345,1,0.6688308463269486,1,0.7666666666666667,1
0,0.3327339814146965,0,0.3276526178806663,0,0.40388006814582633,0,0.24,0
0,0.4427135905672399,0,0.3611262404763964,0,0.416270451587096,0,0.5566666666666666,1
0,0.2976350903228738,0,0.29623856066893056,0,0.2864054480875134,0,0.11,0
1,0.8585940393140026,1,0.8134716458347733,1,0.8175078187366056,1,0.86,1
0,0.9211686873915178,1,0.7968669973033558,1,0.8919886653465261,1,0.88,1
1,0.6436117914507117,1,0.7866833920428896,1,0.6765922326866508,1,0.6733333333333333,1
0,0.9582268817774103,1,0.8014635401013371,1,0.8983027844785182,1,0.97,1
0,0.3120866685901756,0,0.30951522831297557,0,0.30916302903211185,0,0.21333333333333335,0
0,0.35317581774843215,0,0.34155992857433465,0,0.31651908816167484,0,0.5933333333333334,1
1,0.6030265028452355,1,0.708845652086791,1,0.6634740127358573,1,0.59,1
1,0.8025394390417543,1,0.8219790898627594,1,0.7910618480352835,1,0.7266666666666667,1
1,0.22150248433914735,0,0.3062277069480732,0,0.2821860066563349,0,0.19,0
0,0.7838752504607532,1,0.8194864066150715,1,0.7773569239046717,1,0.77,1
0,0.8655258400825416,1,0.8117984469260192,1,0.8585664178915344,1,0.7733333333333333,1
1,0.32137520512093964,0,0.3129200759266199,0,0.3387122711367878,0,0.2966666666666667,0
1,0.9319120204146353,1,0.8019126710985035,1,0.901895353602575,1,0.89,1
0,0.6944799844218515,1,0.8055344340476855,1,0.7649510535201857,1,0.9233333333333333,1
1,0.2418809822568682,0,0.29875618247446534,0,0.28154017158125166,0,0.13,0
1,0.9148240175692735,1,0.7997877894245654,1,0.8350314365800925,1,0.9666666666666667,1
0,0.4045823721651546,0,0.3702289778744302,0,0.3829842218594366,0,0.45666666666666667,0
0,0.21372739336444915,0,0.3037550127489069,0,0.2827507468451553,0,0.47333333333333333,0
1,0.8142876624126616,1,0.8301166847314342,1,0.7848821492797264,1,0.9066666666666666,1
0,0.4107186450878574,0,0.3493236279382356,0,0.38534767386603735,0,0.5033333333333333,1
0,0.22420912316459193,0,0.31232480658292844,0,0.25800117287828706,0,0.4766666666666667,0
0,0.3279345603547971,0,0.308864035539421,0,0.33222497309145804,0,0.20666666666666667,0
0,0.14581307946107935,0,0.31442377747117595,0,0.24783469378194237,0,0.09333333333333334,0
1,0.4237839784227883,0,0.4627678327821598,0,0.37712135713035216,0,0.22333333333333333,0
1,0.9154686422796637,1,0.8039736413937886,1,0.8735944416682253,1,0.9833333333333333,1
0,0.42880708788794625,0,0.37883970824702623,0,0.39690845404203695,0,0.6566666666666666,1
1,0.502464738241359,1,0.5648474116824799,1,0.5251192885254137,1,0.45666666666666667,0
1,0.7668391216244997,1,0.8285816351358537,1,0.805643352577188,1,0.6033333333333334,1
1,0.5218582839478229,1,0.49427540831121486,0,0.49205185851296535,0,0.5633333333333334,1
1,0.8823181703625045,1,0.8350051671444347,1,0.8686074159347287,1,0.9666666666666667,1
0,0.32487547363640223,0,0.3085341978737269,0,0.3377778222899738,0,0.3433333333333333,0
0,0.318231817345073,0,0.3118435453352905,0,0.339385426729745,0,0.29,0
0,0.6693190760815755,1,0.7358813677776251,1,0.6813926614993665,1,0.5366666666666666,1
1,0.28224909125311004,0,0.3114726253905862,0,0.32236307404886194,0,0.2966666666666667,0
