RSID,CHR,BP,P
rs4575098,1,161155392,1.896396e-10
rs11585858,1,161156033,5.047090e-10
rs4844600,1,207679307,1.176308e-14
rs12037841,1,207684192,2.144842e-10
rs4266886,1,207685786,8.165758e-16
rs4562624,1,207685965,1.595365e-17
rs6656401,1,207692049,2.583829e-18
rs6661489,1,207698044,1.648826e-16
rs7515905,1,207738077,6.399834e-17
rs1752684,1,207747296,6.709923e-18
rs679515,1,207750568,6.834164e-19
rs3818361,1,207784968,1.277215e-18
rs6701713,1,207786289,9.824510e-19
rs2093761,1,207786542,1.469398e-18
rs2093760,1,207786828,6.835621e-19
rs11576522,1,207789269,4.366648e-09
rs12036785,1,207792909,4.760600e-09
rs2296160,1,207795320,1.064290e-17
rs61822977,1,207796065,7.272188e-09
rs10863417,1,207796897,1.570535e-17
rs10863418,1,207798238,1.790169e-15
rs10779335,1,207798694,4.186022e-16
1:207798716,1,207798716,1.700151e-15
rs10863420,1,207799874,7.862546e-18
rs1830763,1,207800389,5.636752e-11
rs1408078,1,207800555,9.291134e-18
rs4844610,1,207802552,1.010187e-17
rs1408077,1,207804141,1.269714e-16
rs6697005,1,207806730,9.794850e-17
rs11118328,1,207850539,3.195412e-12
rs1060743,2,127826533,7.780993e-13
rs10194375,2,127839781,7.876177e-18
rs72846701,2,127840714,1.532050e-11
rs6754293,2,127840867,5.555838e-10
rs10200967,2,127841769,7.614114e-10
rs17014923,2,127841930,5.595263e-13
rs58402148,2,127841945,1.435837e-11
rs11694743,2,127842607,1.801698e-14
rs10929006,2,127844161,1.914237e-17
rs74490912,2,127846321,1.285185e-09
rs4663095,2,127846807,3.316039e-09
rs35114168,2,127847930,5.320759e-20
rs11887884,2,127848041,2.798272e-14
rs1530047,2,127848936,2.681948e-14
rs76168490,2,127850618,8.221501e-10
2:127852021,2,127852021,4.079698e-14
rs10207708,2,127852056,2.969349e-14
rs11694264,2,127852204,6.729988e-09
rs56117224,2,127854786,6.396621e-09
rs56405130,2,127859010,1.616799e-13
rs10166461,2,127859413,3.092336e-14
rs749007,2,127859702,2.326465e-09
rs749006,2,127859766,3.065237e-14
rs55654668,2,127860880,1.916762e-09
rs11682186,2,127861446,1.902568e-09
rs72838215,2,127862054,8.104597e-14
rs6431219,2,127862133,1.528310e-17
rs744368,2,127862653,3.179595e-12
rs11554586,2,127864546,1.034626e-13
rs13032148,2,127865100,8.728469e-13
rs6743470,2,127868435,7.987246e-15
rs13410629,2,127868733,1.019069e-14
rs13400939,2,127869067,1.727709e-14
rs55646068,2,127869366,5.685348e-14
rs10182292,2,127869462,1.184585e-14
rs4663098,2,127873035,4.930007e-12
rs7594230,2,127873568,1.522367e-14
rs3845674,2,127875389,2.479371e-12
rs10929007,2,127875660,2.584183e-12
rs4663099,2,127878432,1.909752e-12
rs4663100,2,127878438,1.910084e-12
rs10929009,2,127878839,2.068184e-12
rs11904144,2,127880106,3.544976e-10
rs6431220,2,127880449,6.565685e-14
rs7566991,2,127880933,2.249226e-14
rs7601287,2,127881243,2.006454e-14
rs7564197,2,127881368,1.274133e-13
rs35103166,2,127882182,4.786135e-23
rs72838226,2,127882342,1.885158e-14
rs55669136,2,127883286,2.315200e-14
rs7559175,2,127883899,1.092848e-13
rs57724183,2,127883905,1.707296e-14
rs7575209,2,127884123,1.664689e-14
rs58682665,2,127885247,1.263449e-14
rs1583647,2,127885359,1.664229e-14
rs55828408,2,127885624,1.407278e-14
rs719054,2,127885651,7.940687e-15
rs13025717,2,127886158,5.979947e-17
rs13025765,2,127886233,5.937293e-17
rs12618593,2,127886371,6.163990e-17
rs12617835,2,127886416,5.498284e-17
rs13031703,2,127886675,8.477806e-10
rs62158731,2,127887750,1.131881e-13
rs11689089,2,127887865,1.055083e-14
rs62158732,2,127888113,6.693371e-09
rs11685593,2,127888121,2.497511e-14
rs11680911,2,127888757,5.278038e-24
rs11678744,2,127888784,7.509485e-15
rs7561528,2,127889637,3.080548e-24
rs60692476,2,127890253,3.423899e-14
rs4663104,2,127890786,4.176917e-13
rs6714558,2,127890878,1.514933e-14
rs60572885,2,127891116,1.340202e-14
rs56193035,2,127891207,2.932638e-14
rs61308109,2,127891326,4.450096e-14
rs57109420,2,127891356,4.330672e-14
rs4663105,2,127891427,1.445788e-44
rs59253801,2,127891511,3.294788e-14
rs59176034,2,127891623,9.611139e-15
rs72838284,2,127891663,1.401656e-14
rs72838285,2,127891795,9.598116e-15
rs6733839,2,127892810,1.284676e-29
rs72838287,2,127892956,1.690340e-14
rs72838288,2,127893025,1.885561e-14
rs745717,2,127893897,1.228484e-12
rs56368748,2,127894098,1.252711e-13
rs730482,2,127894484,7.736895e-28
rs744373,2,127894615,1.576950e-27
rs893434,2,127894757,1.081504e-10
rs6431223,2,127895487,2.208922e-09
rs10933431,2,233981912,7.621646e-10
rs67498812,2,234068068,7.016747e-09
rs35349669,2,234068476,4.236489e-09
rs28669088,2,234068705,7.824023e-09
rs28534487,2,234069266,5.430763e-09
rs28655385,2,234069323,4.807120e-09
rs28459768,2,234069512,2.499306e-09
rs7568027,2,234071241,7.176217e-09
rs7559212,2,234071249,6.891836e-09
rs7558417,2,234075264,8.463464e-09
rs7581787,2,234077240,9.251923e-09
rs4373155,4,11022799,9.231702e-09
rs11728636,4,11023243,8.630842e-09
rs10939105,4,11023682,2.429356e-09
rs6448450,4,11024168,2.492786e-09
rs6448451,4,11024682,2.335963e-09
4:11025022,4,11025022,2.688635e-09
rs6448453,4,11026028,1.976185e-09
rs4351014,4,11027619,4.056710e-09
rs4635810,4,11027704,4.211298e-09
rs4613558,4,11027769,7.580292e-09
rs4622992,4,11027814,3.375480e-09
rs1506790,4,11033136,6.660187e-09
rs1876266,4,11037414,5.574979e-09
rs1001158,4,11038456,4.002608e-09
rs2904297,4,11040290,9.600106e-09
rs9268400,6,32340654,2.949542e-09
rs9268401,6,32341318,4.299168e-09
rs9268403,6,32341473,2.031616e-09
rs9268404,6,32341719,1.296661e-09
rs9268405,6,32342087,2.069161e-09
rs9268406,6,32342129,1.988796e-09
rs9268407,6,32342166,2.052302e-09
rs9268409,6,32342639,3.957240e-09
rs9268412,6,32343018,3.941454e-09
rs9268415,6,32343267,1.943739e-09
rs9268416,6,32343384,2.199247e-09
rs9268417,6,32343616,2.739605e-09
rs9268418,6,32343686,2.382241e-09
rs9268420,6,32343796,2.781199e-09
rs9268421,6,32343869,4.733892e-09
rs9268422,6,32343873,4.260874e-09
rs9268423,6,32343882,4.256548e-09
rs9268424,6,32343985,2.812302e-09
rs9268425,6,32344376,2.230050e-09
rs9268426,6,32344731,3.132250e-09
rs9268427,6,32344808,1.948178e-09
rs9268428,6,32344973,1.240585e-09
rs2894252,6,32345443,4.295219e-09
rs9268431,6,32345514,2.095210e-09
rs9268432,6,32345667,2.525702e-09
rs9268433,6,32345891,7.496390e-10
rs9268436,6,32346637,2.312149e-09
rs9268439,6,32346701,1.964170e-09
rs1980495,6,32346794,4.073627e-09
rs8180659,6,32347280,1.914526e-09
rs8180664,6,32347490,2.110167e-09
rs9268446,6,32347749,2.711774e-09
rs9268447,6,32347831,2.839620e-09
rs2395155,6,32347897,1.831522e-09
rs2395156,6,32348098,2.297569e-09
rs2395157,6,32348145,3.492507e-09
rs9268448,6,32348463,1.700990e-09
rs9268449,6,32348467,1.673528e-09
rs9268450,6,32348690,2.121478e-09
rs9268451,6,32349086,8.541426e-10
rs9268452,6,32349494,2.390677e-09
rs9268453,6,32349571,2.338796e-09
rs9268454,6,32349711,2.299435e-09
rs9268455,6,32349772,7.936195e-10
rs9268456,6,32349946,2.382409e-09
rs9268457,6,32350036,2.859320e-09
rs9268459,6,32350776,2.550934e-09
rs9268461,6,32351901,2.452009e-09
rs9268462,6,32351991,2.519777e-09
rs9268474,6,32357165,1.500569e-09
rs9268475,6,32358231,2.265499e-09
rs2076522,6,32371179,9.466382e-09
rs3793127,6,32371915,9.580973e-10
rs9268492,6,32375280,7.436424e-09
rs9268499,6,32375695,8.369655e-09
rs3763309,6,32375973,9.194420e-10
rs3763311,6,32376176,7.869793e-10
rs3763312,6,32376348,1.330442e-09
rs3763313,6,32376471,6.981890e-09
rs3763316,6,32376746,5.607145e-09
rs9268516,6,32379489,8.433393e-09
rs9268522,6,32381443,8.990914e-09
rs4959098,6,32383256,6.193988e-09
rs4335021,6,32386619,4.288904e-09
rs2395163,6,32387809,6.147315e-09
rs2395166,6,32388275,6.181179e-09
rs6923872,6,32390857,9.629614e-09
6:32394098,6,32394098,1.032854e-09
rs3135344,6,32395036,5.787361e-10
rs9268581,6,32396930,9.936827e-09
rs9268614,6,32402778,5.469673e-09
rs9268627,6,32405821,4.875867e-09
rs13218331,6,32411362,8.073782e-09
rs28732216,6,32413978,2.691523e-09
rs28895027,6,32414948,7.806161e-09
rs9469112,6,32415153,9.911451e-11
rs28895028,6,32415211,7.420927e-09
rs12525707,6,32415637,8.907439e-09
rs12529078,6,32415762,8.585056e-09
rs13194556,6,32415805,9.987124e-09
rs28895029,6,32415982,8.871340e-09
rs13209045,6,32416052,9.334926e-09
rs13209059,6,32416078,9.094240e-09
rs28895030,6,32416161,8.720416e-09
rs28895031,6,32416175,8.637984e-09
rs28895032,6,32416189,8.654471e-09
rs28895061,6,32417393,5.355638e-10
rs28895067,6,32417545,7.267789e-09
rs28895070,6,32417674,9.873313e-09
rs28895078,6,32417891,9.171884e-09
rs28895081,6,32418067,4.454914e-09
rs13215138,6,32418923,8.110786e-09
rs13199346,6,32418986,7.805594e-09
rs13199014,6,32419012,7.838935e-09
rs13199259,6,32419117,3.407928e-09
rs13199443,6,32419312,8.860959e-09
rs28895100,6,32419415,9.496128e-09
rs28895101,6,32419439,7.986848e-09
rs28895102,6,32419447,8.237931e-09
rs28895104,6,32419527,9.308249e-09
rs28895105,6,32419553,9.245031e-09
rs28895106,6,32419576,7.911988e-09
rs28895108,6,32419860,9.184847e-09
rs28895109,6,32419880,9.080643e-09
rs28895114,6,32420071,8.273181e-09
rs28895115,6,32420133,8.232161e-09
rs28895116,6,32420164,7.026224e-09
rs28895117,6,32420324,9.664988e-09
rs28895118,6,32420701,6.118841e-09
rs28895120,6,32420758,5.861573e-09
rs28895142,6,32421709,9.613690e-09
rs28895143,6,32421739,9.219245e-09
rs28895144,6,32421794,9.432047e-09
rs28895154,6,32422136,8.265746e-09
rs28895158,6,32422708,9.349221e-09
rs28895167,6,32422844,9.664986e-09
rs28895168,6,32422867,7.196147e-09
rs28895172,6,32423058,8.023087e-09
rs28895173,6,32423108,8.734306e-09
rs28895174,6,32423135,6.507155e-09
rs28895175,6,32423152,6.604218e-09
rs28895180,6,32423298,9.683392e-09
rs28895187,6,32424380,8.038345e-09
rs28895188,6,32424574,9.467103e-09
rs28895190,6,32424895,9.220486e-09
rs28895197,6,32425020,8.919972e-09
rs28895198,6,32425044,6.804450e-09
rs28895200,6,32425074,9.528317e-09
rs13210879,6,32425247,7.930678e-09
rs28895205,6,32425304,8.101768e-09
rs13194925,6,32425336,8.107068e-09
rs13195258,6,32425472,7.653979e-09
rs13198543,6,32425787,8.385134e-09
rs13198439,6,32425823,8.403396e-09
rs13198784,6,32425958,6.282748e-09
rs13198660,6,32425964,6.236759e-09
rs28895207,6,32426039,5.543080e-09
rs28895208,6,32426049,5.293731e-09
rs28895209,6,32426152,7.200173e-09
rs28895211,6,32426188,5.238519e-09
rs28895212,6,32426216,5.328031e-09
rs28895213,6,32426252,5.936584e-09
rs28895214,6,32426280,5.684313e-09
rs113041772,6,32426538,3.710779e-09
rs79464894,6,32426541,3.707939e-09
rs74732642,6,32426577,4.183158e-09
rs28895219,6,32426710,5.927220e-09
rs28895220,6,32426723,5.998157e-09
rs28732218,6,32426935,6.854703e-09
rs28732219,6,32426962,7.241898e-09
rs28732220,6,32427042,6.885807e-09
rs28732221,6,32427073,5.432777e-09
rs28732223,6,32427140,5.002347e-09
rs28732224,6,32427170,5.363976e-09
rs28732229,6,32427381,5.276745e-09
rs28732230,6,32427434,5.026834e-09
rs28732231,6,32427467,5.668622e-09
rs13207140,6,32427604,5.023221e-09
rs28732234,6,32427735,7.486483e-09
rs28732235,6,32427841,9.265162e-09
rs17209105,6,32427871,6.450040e-09
rs17209112,6,32427894,7.051037e-09
rs17209119,6,32427899,7.065363e-09
rs17209126,6,32427946,9.279946e-09
rs17202759,6,32428002,5.954185e-09
rs17202773,6,32428078,5.771243e-09
rs9791337,6,32428500,7.133206e-09
rs111609395,6,32519589,5.153000e-09
rs73729117,6,32519600,5.385000e-09
rs72844190,6,32521785,3.759000e-09
rs34855541,6,32559825,9.753007e-11
rs34415150,6,32560477,2.771985e-10
rs35118762,6,32560631,1.047731e-10
rs34928543,6,32560695,1.344891e-10
rs35265698,6,32561334,1.014724e-10
rs34350244,6,32561465,2.980673e-10
rs35294087,6,32561466,5.007948e-10
rs35371668,6,32561638,2.068885e-10
rs34647096,6,32561681,1.394209e-10
rs2760985,6,32566398,1.283754e-10
rs687308,6,32567256,1.473739e-10
rs34039593,6,32570311,1.122686e-10
rs2647066,6,32571122,8.553365e-11
rs17425622,6,32571961,1.255241e-10
rs601945,6,32573415,1.205104e-10
rs660895,6,32577380,1.937129e-09
rs532965,6,32577973,1.420535e-10
rs3997868,6,32578590,8.201641e-10
rs116457146,6,32578632,1.300428e-10
rs112485576,6,32578772,3.127413e-10
rs3997872,6,32580617,1.614363e-10
rs2395516,6,32580657,1.875028e-10
rs3129751,6,32582189,1.720760e-10
rs3104413,6,32582650,2.321664e-10
rs6931277,6,32583357,7.354895e-11
rs1846190,6,32583813,8.863048e-11
rs510205,6,32584693,6.645148e-10
rs114879339,6,32587350,1.034072e-09
rs9271608,6,32591588,8.247447e-10
rs3104375,6,32600101,3.291334e-10
rs1391371,6,32603798,2.603060e-09
rs9272417,6,32605078,1.117368e-09
rs9272461,6,32605609,1.975817e-09
rs9272561,6,32607141,2.810650e-09
rs9275095,6,32649088,2.646732e-10
rs9275097,6,32649126,2.642370e-10
rs9275098,6,32649161,2.580685e-10
rs9275152,6,32652196,4.418343e-10
rs9275167,6,32653263,2.725091e-09
rs9275183,6,32654502,9.913195e-10
rs9275184,6,32654714,1.038330e-10
rs9275203,6,32656947,7.059868e-10
rs9275207,6,32657710,7.253990e-10
rs9275213,6,32658335,6.567578e-10
rs9275214,6,32658665,5.022845e-10
rs9275221,6,32659099,5.499862e-10
rs9275223,6,32659839,1.245294e-09
rs9275275,6,32662607,4.885268e-10
rs9275293,6,32663308,6.050686e-10
rs9275296,6,32663431,6.489316e-10
rs9275300,6,32664126,8.168535e-10
rs9275307,6,32664990,9.704943e-10
rs9275310,6,32665319,1.308591e-09
rs9275311,6,32665640,5.912143e-10
rs9275312,6,32665728,7.498671e-09
rs9275318,6,32666173,9.298770e-09
rs9275319,6,32666295,5.059496e-09
rs9275324,6,32666635,4.678209e-10
rs9275325,6,32666651,4.763345e-10
rs9275326,6,32666660,5.775335e-10
rs9275328,6,32666822,4.495001e-09
rs9275330,6,32666875,8.930138e-09
rs9275331,6,32666899,9.520003e-09
rs9275333,6,32666968,9.233141e-09
rs9275334,6,32667107,1.799087e-09
rs9275356,6,32667850,9.447864e-10
rs9275362,6,32667957,7.236029e-10
rs9275365,6,32668125,4.509322e-09
rs9275383,6,32668846,8.493893e-10
rs9275387,6,32669013,2.127521e-09
rs9275394,6,32669454,1.935752e-09
rs9275395,6,32669483,1.613693e-09
rs9275400,6,32669761,2.281615e-09
rs9275422,6,32670548,1.519384e-09
rs9275426,6,32670912,1.505689e-09
rs9275429,6,32671057,1.601252e-09
rs9275430,6,32671086,1.574254e-09
rs9275434,6,32671247,1.577230e-09
rs9275435,6,32671332,1.599262e-09
rs9275437,6,32671412,1.756614e-09
rs9275442,6,32671755,1.498939e-09
rs9275476,6,32672624,5.389451e-10
rs9275477,6,32672641,4.087991e-10
rs9275486,6,32673099,6.298012e-10
6:32673385,6,32673385,9.227933e-10
rs9275495,6,32673574,5.610263e-10
rs9275503,6,32673931,8.808224e-10
rs9275530,6,32675523,1.217120e-09
rs9275532,6,32675634,8.036388e-10
rs9275541,6,32676159,1.280321e-09
rs4273728,6,32678491,2.469542e-09
rs9275583,6,32680299,1.439505e-09
rs9275592,6,32680620,1.384312e-09
6:32681483,6,32681483,1.175097e-09
rs3957146,6,32681530,1.043919e-09
rs3998159,6,32682019,6.451650e-10
rs3957148,6,32682137,1.255880e-09
rs12664332,6,40904030,4.169000e-13
rs145342536,6,40911888,1.361000e-12
rs187370608,6,40942196,1.451000e-16
rs75932628,6,41129252,2.954000e-15
rs9381562,6,47429767,7.561201e-09
rs9381563,6,47432637,1.994074e-10
rs9369695,6,47440565,4.769412e-09
rs4715018,6,47441871,5.911802e-09
rs1931837,6,47442377,5.417812e-09
rs9381564,6,47443806,7.342750e-09
rs1004173,6,47445017,5.636838e-09
rs4715019,6,47447041,9.194534e-09
rs9296558,6,47451883,9.702200e-09
rs4711880,6,47480676,8.105449e-09
rs9473126,6,47481833,9.118054e-09
rs4715025,6,47483653,8.369076e-09
rs7767350,6,47485126,7.781682e-09
rs10948363,6,47487762,8.901531e-09
rs6913202,6,47489104,9.057395e-09
rs9296564,6,47494759,8.681593e-09
rs7754282,6,47502024,9.423899e-09
rs6904764,6,47503497,9.955750e-09
rs9473128,6,47505010,9.831198e-09
rs7774667,6,47514758,9.277368e-09
rs2151975,6,47515663,9.180922e-09
rs2171089,6,47515811,8.261962e-09
rs9367284,6,47516369,9.117307e-09
rs9381575,6,47528764,9.963227e-09
rs9369716,6,47552180,8.547502e-09
rs13193054,6,47552817,9.366310e-09
rs1485780,6,47556630,8.561870e-09
rs9381578,6,47556634,9.815083e-09
rs6903331,6,47562915,9.310673e-09
rs2396825,6,47568696,9.909720e-09
rs13212790,6,47576367,9.841792e-09
rs9381581,6,47580695,9.911982e-09
rs12705073,7,99774122,3.890556e-09
rs7799441,7,99776272,1.701818e-09
rs55796551,7,99777422,1.430929e-10
rs12666107,7,99778019,1.877618e-10
rs3779046,7,99779243,2.259593e-10
rs3779045,7,99779259,2.279593e-10
rs6465764,7,99779886,2.133792e-10
rs4729579,7,99780282,3.025682e-10
rs10252884,7,99780655,5.288664e-10
rs7788301,7,99782753,2.115497e-10
rs2141160,7,99784704,2.523097e-10
rs6465765,7,99785443,2.815838e-10
rs6465766,7,99785671,6.691920e-10
rs2272344,7,99786819,2.149053e-10
rs11764176,7,99786964,5.253388e-10
rs6948729,7,99787372,1.938636e-10
rs4729580,7,99789817,3.520624e-09
rs12666425,7,99790677,1.693098e-10
rs11767968,7,99790971,1.898908e-09
rs7811662,7,99792608,1.821116e-09
rs3823642,7,99796072,3.535672e-09
rs2272345,7,99797031,3.567042e-09
rs13230744,7,99797792,5.516541e-09
rs1043915,7,99799845,4.008401e-09
rs1628077,7,99800958,1.828919e-09
rs2950517,7,99803412,1.866604e-09
rs1727123,7,99803794,1.617185e-09
rs1727125,7,99804125,1.939968e-09
rs2528900,7,99805319,2.087505e-09
rs1138417,7,99807146,1.571617e-09
rs1061230,7,99807265,1.951556e-09
rs1637001,7,99808151,1.471686e-09
rs1617502,7,99809835,4.423553e-09
rs2257213,7,99810113,9.339522e-10
rs1618851,7,99810643,7.718481e-10
rs1623264,7,99811204,7.972889e-10
rs1727130,7,99811464,7.702646e-10
rs1636975,7,99812089,7.584289e-10
rs1727132,7,99812297,7.627376e-10
rs1727133,7,99812870,1.665926e-09
rs1727134,7,99813672,6.484882e-10
rs1636978,7,99813912,7.359113e-10
rs1727138,7,99815247,5.294501e-10
rs1727139,7,99815367,8.613382e-10
rs1727140,7,99815399,7.344911e-10
rs1727142,7,99816179,5.244749e-10
rs1636988,7,99816437,5.394008e-10
rs2906645,7,99817859,4.121055e-10
rs858505,7,99819577,4.419856e-10
rs858506,7,99820050,9.966660e-10
rs858507,7,99820877,5.452512e-10
rs858508,7,99821381,2.732501e-10
rs863450,7,99821685,4.426678e-10
rs858511,7,99823621,3.406129e-10
rs858512,7,99824453,4.823959e-10
rs858513,7,99825558,3.223185e-10
rs858514,7,99825748,3.508242e-10
rs2950520,7,99827148,6.596273e-10
rs866500,7,99840461,1.028578e-10
rs858502,7,99843353,2.356282e-09
rs34857299,7,99874197,4.783035e-12
rs6979218,7,99893148,3.103660e-12
rs7384878,7,99932049,3.296309e-15
rs35305377,7,99938955,8.061632e-11
rs2405442,7,99971313,2.659225e-15
rs1859788,7,99971834,1.804812e-15
rs2906657,7,99984089,2.452913e-14
rs34995835,7,99990364,5.188164e-14
rs1476679,7,100004446,5.067047e-14
rs34919929,7,100012334,5.776454e-14
rs60738304,7,100012579,6.097804e-14
rs5015756,7,100013457,4.576834e-10
rs55773945,7,100042413,2.254548e-10
rs6971558,7,100079857,1.241093e-13
rs12539172,7,100091795,5.847466e-13
rs2734897,7,100159567,2.737878e-09
rs6464547,7,143083661,9.465135e-09
rs6464548,7,143083839,8.110114e-09
rs1131885,7,143088526,2.542283e-09
rs3812406,7,143089159,4.738235e-09
rs35251323,7,143095256,2.617849e-10
rs7791765,7,143099107,6.133623e-09
rs10808026,7,143099133,2.824307e-09
rs56402156,7,143103481,2.905200e-09
rs3935067,7,143104331,5.319524e-11
rs12703526,7,143107588,5.254652e-11
rs11762262,7,143107876,5.219640e-09
rs7810606,7,143108158,2.891240e-11
rs11763230,7,143108841,5.374768e-09
rs75045569,7,143109208,9.628585e-09
rs115707375,7,145797889,8.081000e-09
rs114360492,7,145950029,2.096000e-09
rs116155464,7,145956257,2.615000e-09
rs114255402,7,145967317,8.491000e-09
rs116767080,7,145971010,8.491000e-09
rs115674611,7,145974399,8.477000e-09
rs114377259,7,145983122,8.489000e-09
rs28834970,8,27195121,8.493429e-12
rs6987305,8,27208126,1.033125e-11
rs2322599,8,27211910,1.044523e-11
rs73223431,8,27219987,1.087360e-11
rs17057043,8,27220310,3.320141e-11
rs755951,8,27226790,1.133131e-11
rs17447007,8,27230637,5.922834e-09
rs79145239,8,27319847,3.983989e-09
rs34181358,8,27322974,2.793714e-09
rs2279590,8,27456253,1.085887e-17
rs9331928,8,27460368,1.265418e-09
rs4732729,8,27461492,9.633312e-11
rs7982,8,27462481,3.890772e-19
rs9331908,8,27463618,5.549674e-11
rs11136000,8,27464519,5.173362e-19
rs4236673,8,27464929,1.480120e-19
rs11787077,8,27465312,2.706874e-19
rs1532276,8,27466157,2.290077e-19
rs1532277,8,27466181,2.697682e-19
rs1532278,8,27466315,2.070413e-19
rs9331896,8,27467686,4.097939e-17
rs2070926,8,27467821,1.629125e-18
rs867230,8,27468503,1.948440e-09
rs536332,8,27475767,9.513761e-09
rs484377,8,27477509,9.871631e-09
rs1286289,11,59826677,1.009125e-11
rs1286171,11,59831458,1.375896e-10
rs1151065,11,59831716,1.084569e-10
rs1286169,11,59832346,1.215008e-10
rs501697,11,59833123,1.176434e-10
rs579721,11,59834318,1.272062e-10
rs1296390,11,59834821,9.303713e-11
rs3016834,11,59835242,9.754168e-11
rs3016835,11,59835456,7.582411e-11
rs1151103,11,59836391,7.254026e-11
rs528823,11,59837097,9.546698e-11
rs474951,11,59838621,1.506577e-10
rs536531,11,59839361,1.630868e-10
rs539360,11,59839682,1.504268e-10
rs525828,11,59844015,1.990499e-10
rs501945,11,59844242,1.825255e-10
rs471457,11,59845231,2.279859e-10
rs543695,11,59845829,2.294959e-09
rs549680,11,59846494,1.759471e-10
rs549651,11,59846504,1.878720e-10
rs1151104,11,59847805,1.589558e-10
rs1151105,11,59848232,1.850731e-09
rs1286162,11,59848317,1.901727e-10
rs558788,11,59852078,6.028734e-11
rs558678,11,59852113,5.999242e-11
rs554311,11,59852569,3.692127e-11
rs573790,11,59855385,1.106591e-10
rs1441586,11,59856028,2.218178e-09
rs2583476,11,59857581,1.000608e-10
rs2847663,11,59858036,6.650728e-11
rs2847664,11,59858497,6.653171e-11
rs556917,11,59858712,9.601529e-10
rs2847666,11,59859576,1.249485e-10
rs2847667,11,59859609,1.253558e-10
rs502581,11,59860178,4.027600e-10
rs2583471,11,59861814,3.225991e-11
rs2070970,11,59861983,2.912857e-11
rs2847668,11,59862261,3.055708e-11
rs1290426,11,59864279,4.069311e-09
rs2847655,11,59865671,6.533916e-11
rs502419,11,59866175,4.064612e-10
rs2855017,11,59866309,2.198450e-11
rs17528859,11,59867379,1.657007e-11
rs574704,11,59867913,3.102671e-10
rs580817,11,59869090,3.295802e-10
rs521952,11,59870196,2.333035e-10
rs516478,11,59870788,2.464157e-10
rs487997,11,59871604,2.041016e-10
rs485333,11,59871862,2.210746e-09
rs1813217,11,59872498,1.909423e-11
rs1786137,11,59873448,2.449801e-10
rs512495,11,59876036,2.540700e-10
rs555635,11,59877143,2.664687e-10
rs11230147,11,59877394,1.305014e-11
rs514266,11,59877697,1.680857e-10
rs562028,11,59877850,3.554943e-09
rs4939311,11,59877967,1.632490e-11
rs563803,11,59878001,1.728439e-10
rs540170,11,59880038,1.792887e-10
rs574695,11,59881524,2.984455e-10
rs574798,11,59881561,2.021958e-10
rs581133,11,59882306,2.012288e-10
rs1303615,11,59885120,2.515872e-10
rs1125357,11,59885493,2.224856e-11
rs564912,11,59885888,2.216112e-10
rs1303621,11,59890674,2.200611e-10
rs483629,11,59899911,1.306461e-10
rs4939312,11,59900106,8.333727e-12
rs4939314,11,59900575,6.599657e-12
rs61901691,11,59902799,2.969497e-11
rs525794,11,59903287,1.293839e-10
rs55847558,11,59903793,7.546127e-12
rs11230155,11,59904959,6.226546e-12
rs504272,11,59906476,1.158142e-10
rs2165525,11,59906792,6.097650e-12
rs7124974,11,59906972,3.790651e-11
rs510518,11,59907097,1.173817e-10
rs534273,11,59907399,1.051080e-10
rs1786140,11,59908627,1.787499e-12
rs493692,11,59909610,1.073385e-10
rs569046,11,59911161,8.244172e-11
rs476722,11,59913806,8.068521e-11
rs595481,11,59914267,7.915372e-11
rs583296,11,59914726,7.914968e-11
rs558375,11,59915129,8.643642e-11
rs1316005,11,59916087,5.862178e-11
rs1315491,11,59916253,3.479833e-11
rs617916,11,59916749,5.235121e-11
rs606588,11,59916905,5.098050e-11
rs684961,11,59918837,4.374644e-11
rs614104,11,59920505,2.511452e-09
rs11230165,11,59922320,2.954314e-11
rs12225368,11,59922815,1.739397e-09
rs12225708,11,59922896,2.803030e-11
rs12226022,11,59923081,2.741946e-11
rs10897009,11,59923194,3.207365e-12
rs983392,11,59923508,1.423251e-11
rs652354,11,59923991,6.285810e-11
rs11600716,11,59924422,4.114769e-12
rs920573,11,59924959,3.203729e-12
rs107903,11,59926256,5.696257e-11
rs17529983,11,59927039,4.249752e-12
rs11605427,11,59928672,1.148826e-13
rs664034,11,59930966,1.232272e-11
rs7926954,11,59932579,1.233925e-13
rs56189574,11,59933492,1.009544e-11
rs617135,11,59936757,3.714485e-10
rs7933202,11,59936926,6.133933e-13
rs667897,11,59936979,4.252718e-10
rs610932,11,59939307,1.535079e-11
rs7232,11,59940599,4.927504e-12
rs634475,11,59942081,1.613971e-11
rs662196,11,59942757,1.228998e-11
rs7935829,11,59942815,2.703285e-15
rs2278867,11,59943109,2.198432e-15
rs72918674,11,59944580,8.914188e-14
rs7946992,11,59944810,1.996832e-15
rs631853,11,59944898,9.393003e-12
rs624663,11,59945065,7.904795e-12
rs12453,11,59945745,2.790046e-15
rs583791,11,59947252,1.261022e-11
rs17602572,11,59948374,1.897046e-15
rs632185,11,59951433,5.884683e-12
rs1820430,11,59953313,1.681564e-15
rs1834557,11,59955357,1.774304e-15
rs56201148,11,59956938,2.031629e-15
rs636147,11,59957092,5.363362e-12
rs1834549,11,59957513,1.673857e-15
rs2081545,11,59958380,1.106986e-15
rs1834550,11,59959843,6.397726e-14
rs1834551,11,59959969,5.167970e-14
rs10897011,11,59961427,6.001581e-14
rs11230180,11,59961486,6.470246e-14
rs7926729,11,59961786,6.989990e-14
rs7926344,11,59962166,5.486704e-14
rs7926354,11,59962189,4.931868e-14
rs7116190,11,59964992,8.057920e-14
rs11230183,11,59965725,1.027501e-13
rs11230184,11,59965789,7.894758e-14
rs2123314,11,59966295,9.134683e-14
rs7933805,11,59967526,8.350253e-14
rs28628869,11,59967807,1.940155e-10
rs11230187,11,59967831,2.724835e-10
11:59968382,11,59968382,1.656777e-09
rs652303,11,59970047,1.112265e-10
rs666555,11,59970984,2.692560e-10
rs670139,11,59971795,1.609187e-10
rs599862,11,59972888,1.432875e-10
rs588084,11,59973059,1.441075e-10
rs7939882,11,59973929,1.810316e-10
rs668287,11,59974629,2.128865e-10
rs7929589,11,59975078,3.505130e-13
rs7928895,11,59975165,2.152534e-13
rs7932740,11,59976111,2.040318e-13
rs604085,11,59977401,1.643532e-10
rs764859,11,59978255,1.960363e-13
rs1285231,11,59979408,1.544067e-10
rs1151119,11,59979932,1.527742e-10
rs11230194,11,59980315,2.105056e-13
rs1426253,11,59981218,2.177938e-13
rs603568,11,59981619,1.652394e-10
rs670854,11,59981769,1.580096e-10
rs4939320,11,59981801,2.192926e-13
rs11603507,11,59982470,1.614783e-13
rs56273223,11,59984676,2.130185e-13
rs1820428,11,59986333,1.948306e-13
rs4492839,11,59986399,2.003796e-13
rs688460,11,59986710,1.643781e-10
rs56357056,11,59986817,2.072952e-13
rs584469,11,59988862,1.481997e-10
rs657928,11,59988906,1.479321e-10
rs2081547,11,59989430,2.043443e-13
11:59990591,11,59990591,1.297015e-10
rs620612,11,59991847,1.323633e-10
rs673996,11,59994152,1.301287e-10
rs11601689,11,59996266,1.523057e-13
rs610352,11,59996968,2.940350e-11
rs11230201,11,59996994,1.532627e-13
rs600550,11,59997666,2.621777e-10
rs2015475,11,59998963,1.551472e-13
rs7936120,11,60000574,1.405750e-13
rs1426250,11,60001325,1.584227e-13
rs676309,11,60001573,2.134492e-10
rs678384,11,60002192,1.474604e-10
rs718376,11,60002935,1.539135e-13
rs621965,11,60004828,2.046549e-10
rs633463,11,60005173,1.978954e-10
rs611267,11,60005268,4.454749e-11
rs72920867,11,60005424,2.756971e-13
rs650943,11,60006765,2.488193e-10
rs1019671,11,60008151,2.992317e-13
rs611418,11,60011013,1.852811e-13
rs627081,11,60012154,1.701510e-10
rs603648,11,60012673,1.827145e-13
rs600064,11,60013451,2.182426e-13
rs654415,11,60013674,1.840523e-13
rs592894,11,60014896,2.127566e-10
rs3132886,11,60016387,1.810446e-13
rs2509801,11,60016932,1.781723e-13
rs636317,11,60019150,2.134464e-13
rs636341,11,60019161,2.445899e-13
rs672399,11,60020112,1.618318e-13
rs675655,11,60020874,2.426732e-10
rs1582763,11,60021948,1.627969e-15
rs1562990,11,60023087,1.958523e-12
rs7121656,11,60024008,1.185592e-12
rs6591559,11,60025565,1.803365e-12
rs4938931,11,60026613,7.120498e-12
rs1365247,11,60027309,4.300381e-09
rs7108663,11,60028142,5.852173e-12
rs1530915,11,60028917,1.235158e-09
rs1530914,11,60028940,1.349914e-12
rs1026256,11,60029931,1.315974e-12
rs1026255,11,60029949,1.283520e-12
rs1026254,11,60030457,1.696953e-12
rs1026253,11,60030556,9.796028e-13
rs1026252,11,60030559,1.128516e-12
rs7128450,11,60031270,1.018953e-12
rs10736700,11,60031399,8.111554e-13
rs10736701,11,60031476,1.025847e-12
rs7930318,11,60033371,1.092410e-12
rs4938932,11,60033448,1.190801e-12
rs4938933,11,60034429,1.010601e-11
rs2162254,11,60039917,3.222303e-12
rs55777218,11,60070946,4.134896e-13
rs11824734,11,60076693,4.923870e-14
rs11824773,11,60076940,1.958130e-13
rs61900467,11,60078475,3.892636e-13
rs10792263,11,60079651,2.177237e-13
rs1020288,11,60087276,6.607605e-09
rs10897033,11,60087328,5.690936e-09
rs4475940,11,60087946,5.371162e-09
rs4258399,11,60088056,6.410925e-09
rs4258400,11,60088071,5.746825e-09
rs4475941,11,60088173,6.091258e-09
rs4436562,11,60088221,5.463849e-09
rs11560910,11,60088414,5.294977e-09
rs11230250,11,60088724,5.495035e-09
rs11230252,11,60088787,5.547972e-09
rs12222485,11,60089175,5.389014e-09
rs11525457,11,60089299,4.999399e-09
rs11230254,11,60089642,5.400500e-09
rs10897035,11,60089781,5.746851e-09
rs10897036,11,60090146,7.231483e-09
rs11230255,11,60090147,7.231483e-09
rs11560964,11,60090311,5.198216e-09
rs11560913,11,60090389,4.810643e-09
rs11559565,11,60090532,3.870309e-09
rs10897038,11,60090771,6.459876e-09
rs10897039,11,60090776,6.359150e-09
rs10897040,11,60090790,6.359150e-09
rs11230256,11,60091038,5.309874e-09
rs11230257,11,60091107,5.355426e-09
rs11230258,11,60091449,5.934398e-09
rs10897041,11,60091554,5.909641e-09
rs11230259,11,60092160,5.010678e-09
rs11230261,11,60092380,7.673553e-09
rs7943967,11,60092650,4.695185e-09
rs7943993,11,60092722,5.847123e-09
rs4278536,11,60093318,5.065638e-09
rs4442568,11,60093479,4.851626e-09
rs4576843,11,60093527,5.067196e-09
rs4576844,11,60093632,5.095374e-09
rs10897042,11,60093790,5.464885e-09
rs4430535,11,60093869,5.093461e-09
rs4594016,11,60093922,7.249175e-09
rs4430536,11,60093926,6.268857e-09
rs4522186,11,60093969,7.195167e-09
rs4447193,11,60094293,5.751352e-09
rs11230263,11,60094530,5.559749e-09
rs11230264,11,60094684,4.694245e-09
rs11230265,11,60094819,4.286584e-09
rs11230266,11,60094842,4.801125e-09
rs11230267,11,60094858,4.498735e-09
rs12798846,11,60095190,4.729334e-09
rs12798140,11,60095226,4.496010e-09
rs12803929,11,60095242,4.210251e-09
rs12804091,11,60095298,5.421327e-09
rs71460573,11,60095318,4.469320e-09
rs12797040,11,60095396,5.204856e-09
rs12226656,11,60095595,4.073298e-09
rs72924626,11,60095740,1.257835e-13
rs11230268,11,60095938,4.777384e-09
rs6591565,11,60096514,6.661213e-09
rs6591567,11,60096638,8.641830e-09
rs6591568,11,60096640,8.641830e-09
rs7931689,11,60096688,6.865292e-09
rs11230273,11,60096917,5.714961e-09
rs11230274,11,60096970,7.253793e-09
rs12799384,11,60097040,7.328406e-09
rs12800288,11,60097094,6.753780e-09
rs7939273,11,60098343,5.191286e-09
rs7950431,11,60098651,5.388468e-09
rs11230277,11,60099212,6.575326e-09
rs4939338,11,60099225,1.372431e-13
rs10897044,11,60099352,7.350661e-09
rs10897045,11,60099613,6.489110e-09
rs10897046,11,60099677,7.242112e-09
rs10897047,11,60099810,6.854407e-09
rs11827324,11,60099912,3.014671e-13
rs10750932,11,60100079,8.430199e-09
rs2868121,11,60100429,8.142749e-09
rs4477457,11,60100607,9.163273e-09
rs10792265,11,60100619,7.890215e-09
rs7116069,11,60100776,5.897458e-09
rs10750933,11,60101036,5.541253e-09
rs10750935,11,60101453,8.584625e-09
rs4506675,11,60101593,6.138603e-09
rs7924433,11,60101848,6.713910e-09
rs72924659,11,60103385,4.160588e-11
rs1237230,11,85655105,3.099645e-11
rs2458499,11,85659847,1.624119e-11
rs75751,11,85664904,4.627530e-11
rs11234493,11,85666138,2.236288e-11
rs556562,11,85666440,2.802053e-11
rs501505,11,85667916,3.963583e-09
rs673751,11,85670945,1.154561e-16
rs565031,11,85671501,5.568955e-09
rs618679,11,85671702,3.766682e-12
rs2077815,11,85672383,1.317521e-11
rs592314,11,85673124,5.367781e-12
rs548121,11,85675533,2.292506e-11
rs671686,11,85681479,1.623977e-09
rs639012,11,85681583,3.040494e-17
rs626542,11,85682120,1.104250e-11
rs606505,11,85682817,6.726580e-17
rs637304,11,85685166,2.275119e-11
rs601185,11,85686151,5.366730e-11
rs600743,11,85686223,2.433593e-11
rs618629,11,85689435,2.420734e-11
rs587038,11,85689712,1.261171e-16
rs475639,11,85689785,3.710112e-09
rs588076,11,85691662,1.792697e-11
rs645299,11,85691810,6.438305e-17
rs2508688,11,85692342,2.419129e-11
rs529904,11,85693768,1.614384e-09
rs585820,11,85696670,1.273128e-12
rs627818,11,85698207,3.227961e-12
rs670606,11,85698598,2.422291e-12
rs654194,11,85700000,2.237156e-12
rs488134,11,85701622,7.482322e-12
rs682366,11,85701741,9.492396e-12
rs659801,11,85702967,6.154564e-12
rs595972,11,85705885,4.998519e-12
rs542167,11,85707228,7.336616e-11
rs602391,11,85709348,5.330212e-09
rs603615,11,85709559,3.083914e-11
rs600258,11,85710169,3.472931e-11
rs616555,11,85710180,3.988528e-12
rs2155051,11,85713565,3.934750e-11
rs7951988,11,85714288,1.196278e-12
rs527162,11,85715736,1.597664e-13
rs528109,11,85715853,1.307384e-12
rs2508696,11,85717923,5.434660e-18
rs602222,11,85718231,7.586283e-18
rs2458496,11,85718816,5.001832e-13
rs636772,11,85724572,5.760549e-10
rs636355,11,85724661,8.663320e-18
rs622220,11,85725621,6.235242e-09
rs592297,11,85725937,8.905833e-13
rs648270,11,85726818,3.618279e-12
rs1996108,11,85728030,3.509676e-12
rs655641,11,85731286,8.299858e-12
rs1949221,11,85732690,1.421695e-09
rs676733,11,85734010,1.778491e-17
rs12808312,11,85736374,5.176927e-10
rs541674,11,85737502,9.485974e-10
rs666682,11,85739838,8.582535e-10
rs609903,11,85740409,1.309863e-17
rs682928,11,85741130,5.678960e-18
rs547767,11,85743449,1.549185e-12
rs561646,11,85746037,2.830341e-17
rs478711,11,85746744,3.067060e-09
rs2508379,11,85746811,4.774223e-14
rs1973630,11,85748386,2.775182e-17
rs2508691,11,85750671,3.966751e-17
rs677909,11,85757589,2.151032e-17
rs659863,11,85757613,2.404795e-18
rs677869,11,85757617,2.219833e-18
rs694011,11,85760028,2.246223e-17
rs683494,11,85761474,3.057809e-09
rs669813,11,85762244,6.204067e-18
rs497711,11,85764875,2.537324e-11
rs493254,11,85765298,3.096430e-18
rs489486,11,85765737,5.479856e-12
rs9804630,11,85766582,1.777319e-11
rs613222,11,85769105,1.724598e-09
rs634719,11,85771065,1.654348e-11
rs635168,11,85771170,8.070181e-12
rs3016786,11,85774562,6.909597e-09
rs867611,11,85776544,1.481892e-18
rs544458,11,85778924,1.362928e-11
rs2509608,11,85779297,9.150594e-12
rs2458500,11,85779310,8.370368e-12
rs3016327,11,85780448,1.116578e-11
rs669556,11,85781322,5.836246e-12
rs2458493,11,85783875,2.083434e-11
rs536841,11,85787824,2.372024e-17
rs541458,11,85788351,2.755308e-17
rs604767,11,85789983,3.221606e-09
rs535590,11,85794542,3.719409e-17
rs683912,11,85794760,9.334173e-17
rs534128,11,85794761,2.740395e-16
rs565719,11,85795524,2.005404e-16
rs480781,11,85795950,1.551277e-16
rs631639,11,85798020,7.726029e-16
rs561655,11,85800279,2.052223e-17
rs645293,11,85809825,6.507901e-14
rs542126,11,85811238,5.042667e-15
rs526904,11,85811364,2.667493e-16
rs566975,11,85811696,3.732585e-16
rs497816,11,85812210,5.609019e-16
rs583162,11,85813817,3.482111e-09
rs586274,11,85814486,2.204424e-15
rs1237999,11,85815030,4.800395e-16
rs543293,11,85820077,2.358175e-15
rs631611,11,85823324,2.024547e-14
rs659023,11,85824859,4.363275e-16
rs598726,11,85828548,8.779687e-17
rs474479,11,85828551,7.609778e-16
rs567075,11,85830157,4.743829e-16
rs573167,11,85831246,7.584194e-16
rs580887,11,85831433,1.029910e-09
rs471470,11,85831541,2.249094e-16
rs472486,11,85831690,8.957009e-17
rs519961,11,85832424,6.020075e-16
rs10792830,11,85838808,5.358313e-10
rs7114331,11,85839719,6.462024e-10
rs7114401,11,85839935,2.691395e-15
rs4944560,11,85845045,3.803789e-16
rs7938634,11,85845473,1.910339e-12
rs2028338,11,85846796,3.190732e-10
rs11234554,11,85849094,1.166261e-10
rs11234556,11,85849411,3.924289e-17
rs3844143,11,85850243,9.021862e-17
rs10792831,11,85852979,2.060180e-15
rs3915642,11,85853251,3.897968e-14
rs2888903,11,85854176,5.117309e-14
rs7110631,11,85856187,4.159691e-15
rs7952506,11,85857639,3.938270e-15
rs10898438,11,85858253,5.281344e-10
rs3851178,11,85858497,5.501785e-15
rs7941541,11,85858538,5.270873e-15
rs10898439,11,85859483,9.317507e-15
rs10898440,11,85859916,2.355236e-14
rs9787874,11,85860305,5.468087e-15
rs10792832,11,85867875,4.495013e-18
rs3851179,11,85868640,1.256242e-17
rs7113976,11,85869737,1.698360e-14
rs11218343,11,121435587,8.115276e-12
rs11160067,14,92931045,8.486991e-09
rs941649,14,92931581,6.725352e-09
rs941648,14,92931737,5.355278e-09
rs3993878,14,92931983,3.258244e-09
rs10129728,14,92932051,3.590290e-09
rs10130041,14,92932102,3.848409e-09
rs4904922,14,92932479,3.735977e-09
rs4904923,14,92932485,3.725467e-09
rs10130373,14,92932575,5.270029e-09
rs12880508,14,92932851,4.241847e-09
rs11160068,14,92933711,4.291662e-09
rs11160069,14,92933893,5.478064e-09
rs7154848,14,92934019,4.783151e-09
rs9323877,14,92934269,2.813981e-09
rs7154400,14,92934315,3.874083e-09
rs7155778,14,92934498,2.322771e-09
rs7154691,14,92934699,2.385874e-09
rs12893365,14,92934924,1.934162e-09
rs12878441,14,92935713,9.026405e-09
rs12897713,14,92935714,9.907196e-09
rs12878453,14,92935744,2.201219e-09
rs12897935,14,92935834,2.170037e-09
rs12878801,14,92935944,1.997157e-09
rs12882202,14,92936070,2.456150e-09
rs12883073,14,92936092,2.261001e-09
rs4497611,14,92936356,2.835196e-09
rs2896209,14,92936600,1.606178e-09
rs4406992,14,92936620,2.637890e-09
rs12435220,14,92936683,8.526155e-10
rs8008388,14,92936690,8.706778e-10
rs12883528,14,92936939,2.214647e-09
rs11623019,14,92936971,1.876865e-09
rs4904924,14,92936978,1.696580e-09
rs4904925,14,92937019,1.857574e-09
rs4904926,14,92937027,2.011634e-09
rs4904929,14,92937293,1.028894e-09
rs11160071,14,92938415,2.371130e-09
rs12590654,14,92938855,1.322568e-10
rs2555356,15,59016431,4.118048e-09
rs442495,15,59022615,1.221239e-09
rs383902,15,59034174,2.853310e-09
rs593742,15,59045774,3.726182e-09
rs605928,15,59046163,5.309763e-09
rs640704,15,59049021,5.585053e-09
rs2250583,15,59050382,7.714834e-09
rs596379,15,59052072,2.455924e-09
rs585192,15,59052210,5.268027e-09
rs507801,15,59053345,9.599839e-09
rs572107,15,59055810,9.262953e-09
rs650366,15,59061142,5.200019e-09
rs17190727,15,59073790,9.406482e-09
rs1648532,15,59076778,7.542048e-09
rs673813,15,59077171,9.931388e-09
rs610877,15,59103328,2.690980e-09
rs618684,15,59115922,3.112398e-09
rs77972827,17,5116379,1.681631e-09
rs7225151,17,5137047,1.545432e-09
rs75511804,17,5138304,1.460519e-09
rs113260531,17,5138980,7.905357e-10
rs58124010,17,5139808,1.150323e-09
rs4456560,17,5140399,1.348920e-09
rs113806568,17,5155919,2.154215e-09
rs61481506,17,5158714,2.166632e-09
rs111278892,19,1039323,6.671753e-11
rs3795065,19,1039444,7.431984e-10
rs3752231,19,1043638,2.376099e-10
rs12151021,19,1050874,5.777401e-10
rs3752241,19,1053524,3.412856e-10
rs80257887,19,45020859,1.284572e-12
rs75161053,19,45048858,1.493908e-12
rs73046410,19,45053138,3.518461e-09
rs75347915,19,45060170,6.289000e-10
rs11083742,19,45071070,3.433611e-14
rs846881,19,45078553,9.888878e-11
rs846879,19,45078886,3.364419e-14
rs846876,19,45080065,8.864804e-15
rs55848260,19,45080369,2.159813e-13
rs11669005,19,45080498,2.882495e-13
rs11882134,19,45123303,1.017143e-09
rs11083743,19,45125218,9.805482e-10
rs78905796,19,45132679,2.215000e-11
rs12983889,19,45133475,3.837547e-10
rs12977255,19,45134422,1.290382e-11
rs12979820,19,45134626,7.380976e-11
rs12985368,19,45135147,5.842136e-11
rs34817927,19,45135365,8.185452e-11
rs35823804,19,45135442,3.934993e-11
rs12971689,19,45135579,7.841700e-11
rs59451830,19,45136350,7.357066e-11
rs59669162,19,45136375,6.996416e-11
rs60519804,19,45136383,5.882197e-11
rs60570899,19,45136648,5.567544e-11
rs13344267,19,45137012,7.424172e-11
rs539159088,19,45137322,1.979714e-11
rs13344893,19,45138246,4.814144e-11
rs10460181,19,45140165,1.533921e-10
rs10460182,19,45140601,3.859896e-11
rs10419829,19,45142851,3.974507e-14
rs7260482,19,45143942,1.491800e-16
rs7250339,19,45145612,3.809699e-14
rs7255066,19,45146103,9.318170e-17
rs2301274,19,45146402,6.082220e-14
rs10426401,19,45147719,3.655507e-14
rs28483039,19,45149235,4.560200e-14
rs56261258,19,45149613,1.846638e-23
rs8111946,19,45152394,7.676615e-17
rs10410915,19,45154340,7.644213e-11
rs138443964,19,45155985,2.084726e-11
rs203707,19,45157488,8.915341e-17
rs10410651,19,45160896,9.644348e-17
rs203709,19,45161566,3.092695e-17
rs714948,19,45165912,1.141560e-25
rs28807203,19,45173951,7.945458e-09
rs2965156,19,45188429,1.183188e-12
rs8104660,19,45191509,9.522381e-10
rs11879980,19,45193967,2.134751e-09
rs16979372,19,45195313,4.099912e-09
rs2965158,19,45195928,9.774400e-09
rs76670936,19,45196581,2.532977e-09
rs151330717,19,45196964,7.045353e-10
rs62120565,19,45197027,6.474731e-10
rs10422568,19,45198477,2.629121e-10
rs2965162,19,45198936,2.624429e-11
rs73035597,19,45199524,9.247547e-12
rs75974038,19,45200210,4.547249e-10
rs117484881,19,45201694,6.791000e-09
rs12150984,19,45202027,6.903136e-09
rs2965164,19,45202052,8.523975e-14
rs10403682,19,45207828,1.857997e-19
rs61744497,19,45211407,1.501724e-20
rs62120575,19,45215050,2.402567e-13
rs55730055,19,45217194,9.706824e-21
rs4516335,19,45217655,5.162981e-09
rs4398192,19,45217737,5.410739e-09
rs74862042,19,45217784,9.106110e-22
rs78358160,19,45217789,2.181468e-21
rs76419583,19,45217859,3.544642e-21
rs75573995,19,45217910,2.424237e-21
rs75972892,19,45217990,2.960472e-21
rs77229005,19,45218266,1.275348e-20
rs77751556,19,45218292,3.673482e-21
rs1137572,19,45218971,8.642827e-21
rs1137571,19,45219011,3.645085e-18
rs3201345,19,45219015,2.453835e-18
rs57172082,19,45219369,3.113384e-21
rs60248451,19,45219462,4.738671e-21
rs74561933,19,45219486,3.851762e-21
rs113670196,19,45219634,2.682446e-21
rs11881756,19,45220896,4.109753e-17
rs55710026,19,45221173,5.585456e-16
rs56198711,19,45221537,5.473733e-22
rs79638902,19,45221767,1.715334e-24
rs73037426,19,45222789,4.407807e-28
rs111740474,19,45223490,5.335000e-21
rs2965109,19,45225345,6.913697e-23
rs2927487,19,45225973,3.905588e-31
rs150820726,19,45227155,9.848298e-12
rs7254776,19,45227742,8.177175e-24
rs2927488,19,45231478,8.768158e-15
rs1551891,19,45231821,2.647768e-22
rs62117160,19,45232161,6.612888e-32
rs8104548,19,45233343,3.083624e-22
rs62117161,19,45233385,1.513561e-21
rs186110295,19,45233503,4.445110e-11
rs111252495,19,45233604,1.373362e-14
rs2965105,19,45234465,1.728359e-14
rs2965104,19,45234850,1.447549e-14
rs2965103,19,45235795,8.999851e-15
rs2965102,19,45235949,4.942695e-15
rs56978169,19,45236126,5.726284e-15
rs17658713,19,45236702,3.538421e-15
rs2927434,19,45236729,4.382402e-49
rs2965101,19,45237812,1.031756e-36
rs2927435,19,45237919,9.743000e-27
rs2927436,19,45239185,3.796859e-38
rs62117162,19,45239536,3.844049e-21
rs56702353,19,45239568,7.577691e-16
rs59170622,19,45239646,6.631853e-16
rs77775146,19,45240189,7.154829e-16
rs17728272,19,45240371,4.230656e-16
rs55923289,19,45240584,7.372440e-45
rs2927437,19,45241638,4.181360e-56
rs2927438,19,45242107,1.132444e-47
rs1531517,19,45242173,1.784835e-25
rs2927439,19,45242740,2.274356e-43
rs62117204,19,45242967,2.676711e-25
rs4803748,19,45247048,9.779741e-56
rs4803749,19,45247141,8.304579e-20
rs4803750,19,45247627,1.607457e-28
rs115785198,19,45249509,2.431295e-27
rs12459810,19,45249661,4.078264e-44
rs2965169,19,45251156,9.236492e-58
rs7257231,19,45252439,9.888637e-20
rs8100239,19,45253104,9.735832e-30
rs10401176,19,45253491,3.602075e-30
rs8100197,19,45253582,4.369365e-23
rs8103315,19,45254168,6.209190e-41
rs62117205,19,45255266,2.516068e-28
rs62117206,19,45255679,1.292250e-27
rs1979377,19,45259002,4.556231e-10
rs10425556,19,45259871,1.329449e-10
rs114036675,19,45262696,3.268000e-10
rs2965133,19,45265435,7.672090e-10
rs2927455,19,45267258,2.579444e-10
rs2965143,19,45279340,5.579201e-09
rs899087,19,45294557,5.298787e-10
rs113330691,19,45295886,1.289612e-13
rs112450640,19,45296364,9.142792e-14
rs3208856,19,45296806,8.055949e-14
rs1903830,19,45297878,4.315072e-10
rs2889414,19,45297928,6.871700e-42
rs10420519,19,45298461,9.927784e-15
rs76560105,19,45299199,8.557424e-16
rs372793218,19,45301011,6.102000e-09
rs28534944,19,45301088,9.982464e-11
rs116306535,19,45301112,1.244907e-10
rs78253907,19,45301145,7.996206e-11
rs116700999,19,45301160,4.930436e-11
rs116490343,19,45301394,1.267172e-10
rs2965113,19,45301924,3.091805e-23
rs2967669,19,45301942,1.342768e-23
rs139997344,19,45302277,5.067000e-11
rs2965112,19,45302513,2.853350e-23
rs73572003,19,45302665,2.805556e-10
rs111794050,19,45302778,2.046745e-15
rs143695016,19,45302840,4.866379e-10
rs2967668,19,45302951,4.317796e-25
rs10418198,19,45303311,1.401781e-14
rs73572006,19,45303334,1.642997e-10
rs139246905,19,45304028,6.089016e-10
rs10408993,19,45305753,1.690588e-10
rs140086276,19,45306923,5.945719e-11
rs1075643,19,45306954,1.241748e-09
rs76381342,19,45307501,1.040679e-10
rs112619823,19,45309634,9.914546e-15
rs76076688,19,45309786,4.546958e-11
rs2927479,19,45309886,6.097956e-11
rs28399596,19,45310035,1.028706e-14
rs2965161,19,45310319,9.058492e-11
rs2927478,19,45311523,3.350865e-10
rs8113171,19,45311747,1.770923e-11
rs2967671,19,45312036,1.536420e-11
rs2927477,19,45313715,9.691318e-24
rs7249750,19,45314767,2.464871e-10
rs28399653,19,45315445,1.625181e-14
rs528070791,19,45316221,2.095000e-10
rs372019933,19,45316423,7.203000e-09
rs28399654,19,45316588,2.462202e-15
rs3810141,19,45316804,5.494152e-11
rs3810140,19,45316807,4.541019e-11
rs28399657,19,45318351,9.823188e-17
rs118147862,19,45319631,1.234742e-32
rs1135062,19,45322744,2.107522e-10
rs3842409,19,45323170,5.402000e-12
rs142092405,19,45323344,6.180000e-12
rs28399637,19,45324138,1.076335e-144
rs28399664,19,45324756,1.432000e-24
rs8112196,19,45325309,8.199402e-14
rs6509172,19,45325391,7.249979e-14
rs8113311,19,45325738,4.600516e-49
rs10406338,19,45326217,2.759785e-111
rs10405693,19,45326664,4.486033e-110
rs1871045,19,45326768,4.189701e-13
rs59796539,19,45326973,8.647000e-13
rs10412413,19,45327309,6.972145e-115
19:45327423,19,45327423,5.654188e-115
rs4803759,19,45327459,6.966336e-54
rs58132661,19,45328367,4.220911e-110
rs58826447,19,45328379,4.425551e-105
rs58446550,19,45328380,2.687766e-104
rs10402271,19,45329214,2.600911e-111
rs10402524,19,45329344,6.038724e-113
rs78986976,19,45329438,6.180032e-11
rs6509173,19,45330999,9.234286e-09
rs547509922,19,45331261,2.587000e-13
rs34743552,19,45331648,2.263427e-10
rs112262807,19,45331686,4.065827e-19
rs4802238,19,45331725,1.175000e-10
rs149214960,19,45331943,3.857000e-10
rs11669415,19,45331994,1.110166e-18
rs34978331,19,45332841,1.414559e-18
rs1551890,19,45333132,6.649377e-18
rs4803760,19,45333834,1.521986e-09
rs2972555,19,45334013,8.314857e-19
rs56394238,19,45335676,4.800686e-49
rs7359852,19,45336035,7.620867e-108
rs3021439,19,45336443,1.070120e-107
rs35741123,19,45336599,5.087787e-13
rs2927481,19,45337249,7.248943e-95
rs2927480,19,45337385,1.658529e-67
rs11667241,19,45337504,2.956133e-96
rs11667253,19,45337737,2.528805e-56
rs12976241,19,45337863,4.423478e-56
rs147711004,19,45337918,4.040448e-162
rs4369782,19,45338220,1.331163e-56
rs200722375,19,45338250,3.704000e-10
rs4605275,19,45338493,6.632343e-57
rs73048288,19,45338523,2.578518e-105
rs34374273,19,45338895,2.206343e-13
rs2927482,19,45340138,2.868811e-56
rs10409208,19,45340728,1.230196e-16
rs73048293,19,45340736,6.980807e-67
rs12462274,19,45341540,3.835734e-102
rs10415074,19,45341759,4.688087e-34
rs12459575,19,45341904,9.590404e-105
rs11666697,19,45341946,2.201834e-10
rs10407439,19,45341948,4.026061e-59
rs74579864,19,45342007,5.607110e-102
rs4803761,19,45342114,3.100724e-100
rs4803762,19,45342161,3.429903e-103
rs4239533,19,45342241,1.764823e-58
rs73572039,19,45342630,7.095728e-13
rs1466435,19,45342815,9.545911e-10
rs55840414,19,45343579,2.945286e-18
rs2972562,19,45343664,4.783537e-14
rs28615360,19,45344722,1.263894e-37
rs61642202,19,45345283,1.888852e-53
rs2199575,19,45345623,5.799420e-107
rs2199576,19,45345708,3.473002e-12
rs2376518,19,45345773,2.433329e-14
rs111371860,19,45345787,4.666282e-35
rs1985096,19,45346551,6.899031e-12
rs148601586,19,45346666,2.938660e-53
rs1001611,19,45346768,9.242822e-22
rs11668738,19,45347561,1.415498e-25
rs41289510,19,45347636,8.963037e-15
rs4452060,19,45347911,1.240043e-49
rs10426423,19,45348253,8.757800e-22
rs12162222,19,45348522,4.112141e-110
rs77241309,19,45349177,4.326438e-10
rs2927472,19,45349369,8.853961e-25
rs3810143,19,45349402,1.985238e-50
rs2306149,19,45349963,8.458503e-20
rs41289512,19,45351516,1.459088e-278
rs1871047,19,45351746,2.353170e-22
rs2972569,19,45351891,1.708073e-12
rs1871046,19,45351937,3.996241e-22
rs7255063,19,45352419,3.976678e-22
rs12974942,19,45352487,8.123941e-54
rs4802240,19,45352804,3.938259e-22
rs1531516,19,45353261,6.523419e-22
rs57537848,19,45354044,3.678612e-26
rs2972566,19,45354238,5.471120e-25
rs11666329,19,45354296,2.069916e-49
rs76205446,19,45355267,2.690096e-47
rs149661872,19,45355288,1.985424e-47
rs2972559,19,45355721,2.702100e-90
rs4802241,19,45355743,2.604181e-26
rs58168769,19,45355783,4.017000e-14
rs2972558,19,45356141,3.562408e-36
rs73050205,19,45356464,2.049014e-135
rs199956232,19,45356752,3.231000e-11
rs35396326,19,45357003,3.117049e-93
rs4803763,19,45357291,1.615281e-96
rs4803764,19,45357377,4.643235e-95
rs2927468,19,45357939,1.347463e-69
rs143459034,19,45358026,4.062252e-55
rs7249933,19,45358235,1.060425e-16
rs10410835,19,45358353,2.794457e-57
rs56317818,19,45359586,4.722541e-94
rs41289514,19,45359667,3.941970e-47
rs12462573,19,45359706,8.529267e-90
rs183610051,19,45359945,4.115521e-51
rs375972689,19,45360488,9.624143e-45
rs8112526,19,45360762,8.316131e-12
rs440277,19,45361224,5.375930e-23
rs411920,19,45361632,8.414582e-47
rs365653,19,45361646,3.422032e-66
rs418227,19,45361825,1.192404e-46
rs417193,19,45361960,3.075104e-42
rs2436474,19,45362269,1.065787e-46
rs377702,19,45362667,1.831009e-46
rs454050,19,45362809,5.103512e-47
rs387369,19,45363254,2.316714e-47
rs403155,19,45363299,2.764853e-47
rs12610257,19,45363392,1.746060e-30
rs12978931,19,45363700,9.698418e-33
rs384973,19,45363791,2.483676e-44
rs138607350,19,45363820,6.453620e-66
rs411856,19,45364623,6.409443e-47
rs395683,19,45364782,2.540105e-49
rs395710,19,45364815,3.148259e-47
rs555608,19,45365072,8.169587e-48
rs2436475,19,45365248,1.473429e-44
rs146275714,19,45365447,1.511749e-140
rs11669109,19,45365476,1.473943e-48
rs12980613,19,45365604,1.002503e-52
rs12980631,19,45365641,6.506679e-50
rs11665829,19,45365817,1.702194e-47
rs548011,19,45365961,1.860514e-47
rs415637,19,45366178,1.528196e-47
rs426555,19,45366275,7.005860e-24
rs416116,19,45366345,1.763571e-47
rs403729,19,45366410,1.598534e-45
rs183427010,19,45366498,2.950172e-21
rs521629,19,45366603,1.417941e-47
rs520566,19,45366656,4.166534e-48
rs519825,19,45366779,4.595851e-48
rs376938,19,45366830,5.192335e-48
rs73050216,19,45367502,1.255178e-30
rs8105340,19,45367777,1.339963e-12
rs520283,19,45368082,6.741093e-48
rs419010,19,45368320,7.270804e-09
rs112422902,19,45369203,3.698868e-30
rs41290098,19,45370278,9.330249e-17
rs511825,19,45370554,4.139512e-51
rs564724,19,45370649,2.706298e-49
rs510297,19,45370673,5.259872e-49
rs12610605,19,45370838,1.952846e-28
rs416041,19,45370854,5.210767e-49
rs41290100,19,45370941,1.826963e-15
rs390952,19,45371594,1.112944e-21
rs559163390,19,45372849,8.119000e-09
rs200596754,19,45372866,8.273000e-09
rs140269962,19,45374101,1.997000e-11
rs548051568,19,45376893,2.627000e-26
rs393584,19,45377334,1.331413e-32
rs41290108,19,45377842,1.712510e-13
rs34278513,19,45378144,1.027986e-14
rs11665676,19,45378719,7.632085e-20
rs387976,19,45379060,2.817912e-31
rs412776,19,45379516,8.098537e-16
rs73050293,19,45379746,5.620907e-27
rs11667640,19,45379791,7.223319e-17
rs3865427,19,45380961,3.736312e-15
rs11668861,19,45380970,3.340946e-63
rs150639620,19,45381292,1.001354e-19
rs6859,19,45382034,4.915757e-154
rs41290120,19,45382675,7.142615e-66
rs406456,19,45382717,4.031874e-86
rs3852860,19,45382966,2.228903e-67
rs11669338,19,45382984,3.451342e-32
rs11673139,19,45383037,2.412088e-32
rs3852861,19,45383061,1.465423e-65
rs71352237,19,45383079,7.777483e-15
rs34224078,19,45383115,7.515618e-15
rs35879138,19,45383139,5.274026e-15
rs148303016,19,45383830,3.964229e-18
rs406315,19,45384116,2.120262e-81
rs73052307,19,45384405,9.034777e-95
rs79701229,19,45384931,7.979004e-65
rs368375013,19,45385134,5.270000e-16
rs144261139,19,45385356,8.087308e-65
rs369077933,19,45385421,2.332000e-12
rs3745150,19,45385759,2.818975e-115
rs142042446,19,45386467,1.510000e-62
rs147636938,19,45386634,2.630979e-154
rs283808,19,45387034,1.482999e-28
rs283809,19,45387057,2.074024e-28
rs12972156,19,45387459,0.000000e+00
rs12972970,19,45387596,0.000000e+00
rs34342646,19,45388130,0.000000e+00
rs283810,19,45388241,5.440355e-24
rs283811,19,45388500,0.000000e+00
rs283813,19,45389174,2.698941e-23
rs283814,19,45389224,5.647095e-22
rs7254892,19,45389596,7.906714e-32
rs283815,19,45390333,0.000000e+00
rs6857,19,45392254,0.000000e+00
rs117310449,19,45393516,2.147652e-94
rs561654715,19,45394204,9.357000e-19
rs76692773,19,45394211,3.801686e-24
rs71352238,19,45394336,0.000000e+00
rs184017,19,45394969,0.000000e+00
rs157580,19,45395266,1.879112e-221
rs2075649,19,45395330,7.292551e-119
rs2075650,19,45395619,0.000000e+00
rs157581,19,45395714,0.000000e+00
rs34095326,19,45395844,0.000000e+00
rs34404554,19,45395909,0.000000e+00
rs11556505,19,45396144,0.000000e+00
rs157582,19,45396219,0.000000e+00
rs59007384,19,45396665,0.000000e+00
rs157584,19,45396899,1.514695e-73
rs77301115,19,45396973,1.008368e-208
rs1160983,19,45397229,9.775248e-33
rs112849259,19,45397307,7.424448e-207
rs157585,19,45397512,7.362150e-91
rs116881820,19,45397952,1.283127e-206
rs157588,19,45398264,9.700364e-91
rs11668327,19,45398633,2.314988e-107
rs157590,19,45398716,2.879110e-96
rs79398853,19,45398785,1.894113e-207
rs2238681,19,45398817,1.874328e-153
rs75687619,19,45399344,6.779245e-208
rs76366838,19,45399896,4.355763e-207
rs150006531,19,45400484,6.395000e-21
rs114536010,19,45400725,2.757422e-207
rs61679753,19,45400747,1.683135e-32
rs8106922,19,45401666,1.742392e-160
rs118170342,19,45401868,7.932603e-148
rs531167978,19,45402389,1.066000e-14
rs34878901,19,45402477,7.402290e-161
rs35568738,19,45402718,1.149790e-20
rs115881343,19,45403216,6.582673e-224
rs1160985,19,45403412,1.828934e-212
rs760136,19,45403858,4.716520e-214
rs1160984,19,45403924,8.872878e-21
rs142412517,19,45404058,2.008000e-12
rs741780,19,45404431,2.317852e-214
rs405697,19,45404691,1.378496e-98
rs113492558,19,45404805,5.948000e-22
rs112019714,19,45404857,2.021443e-225
rs1038025,19,45404972,2.250997e-214
rs1038026,19,45405062,7.374544e-214
rs141864196,19,45405499,2.108602e-10
rs1305062,19,45405521,7.093264e-161
rs34215622,19,45406538,9.321000e-24
rs10119,19,45406673,0.000000e+00
rs7259620,19,45407788,5.779393e-216
19:45408564,19,45408564,6.503275e-45
rs405509,19,45408836,1.365430e-145
rs440446,19,45409167,1.331038e-143
rs769449,19,45410002,0.000000e+00
rs769450,19,45410444,2.987645e-162
rs429358,19,45411941,0.000000e+00
rs7412,19,45412079,4.729547e-100
rs1081105,19,45412955,1.162212e-232
rs34078567,19,45413224,1.085000e-17
rs1065853,19,45413233,1.895000e-12
rs1081106,19,45413366,3.573100e-23
rs75627662,19,45413576,0.000000e+00
rs72654472,19,45414392,2.323211e-10
rs439401,19,45414451,7.695541e-167
rs5828224,19,45414866,4.516000e-23
rs138235833,19,45415285,4.030962e-15
rs547648737,19,45415296,9.510000e-14
rs10414043,19,45415713,0.000000e+00
rs7256200,19,45415935,0.000000e+00
rs483082,19,45416178,0.000000e+00
rs59325138,19,45416291,2.975693e-143
rs584007,19,45416478,1.004614e-166
rs438811,19,45416741,0.000000e+00
rs34954997,19,45417638,7.176000e-71
rs12691088,19,45418486,5.794108e-167
rs5117,19,45418790,0.000000e+00
rs3826688,19,45418961,3.904085e-92
rs554447377,19,45419394,9.559000e-31
rs3925681,19,45421100,2.085109e-125
rs150966173,19,45421204,7.063180e-211
rs374095935,19,45421218,1.081000e-10
rs12721046,19,45421254,0.000000e+00
rs140480140,19,45421650,4.457588e-60
rs12721056,19,45421744,6.118523e-93
rs484195,19,45421877,2.342081e-93
rs12721052,19,45421972,8.657000e-14
rs12721051,19,45422160,0.000000e+00
rs1064725,19,45422561,5.699322e-09
rs56131196,19,45422846,0.000000e+00
rs4420638,19,45422946,0.000000e+00
rs78959900,19,45423636,9.816338e-96
rs144311893,19,45423944,1.500169e-16
rs814573,19,45424351,2.390000e-99
rs157592,19,45424514,2.200000e-97
rs157594,19,45425175,8.952415e-111
rs190712692,19,45425178,2.410000e-10
rs157595,19,45425460,1.205071e-129
rs141622900,19,45426792,3.454380e-61
rs111789331,19,45427125,0.000000e+00
rs4803770,19,45427353,6.987427e-93
rs66626994,19,45428234,0.000000e+00
rs4803772,19,45428459,1.051717e-96
rs71352239,19,45429543,1.739257e-68
rs60049679,19,45429708,8.284000e-16
rs73033507,19,45431403,6.437521e-10
rs200738418,19,45432505,1.996000e-10
rs74924179,19,45436037,9.009235e-10
rs114533385,19,45436753,8.231154e-34
rs7254133,19,45438554,4.709000e-17
rs141441332,19,45438575,1.390906e-33
rs73045691,19,45440529,5.857024e-18
rs34810028,19,45440761,6.819524e-14
rs12976395,19,45441907,6.872115e-14
rs34041051,19,45442349,1.098860e-17
rs35336243,19,45442519,4.772904e-20
rs12977604,19,45442528,6.249771e-15
rs10413096,19,45442962,1.329455e-14
rs73045696,19,45443088,9.177013e-18
rs59859410,19,45443504,2.117736e-18
rs71352241,19,45443934,7.597281e-10
rs112784534,19,45444566,6.267752e-19
rs4803773,19,45444742,5.488975e-14
rs79429216,19,45445517,1.506000e-34
rs12721109,19,45447221,1.261662e-15
rs5167,19,45448465,5.196695e-19
rs9304644,19,45450033,1.247994e-10
rs9304646,19,45450408,1.701311e-12
rs10419086,19,45450852,3.357393e-09
rs4803774,19,45450872,1.847671e-10
rs10420434,19,45451190,6.530949e-09
rs7256684,19,45451442,2.610119e-10
rs7257468,19,45453144,5.078516e-09
rs7258345,19,45453151,4.738661e-09
rs7257476,19,45453165,4.790209e-09
rs12709889,19,45453239,2.327140e-09
rs10423208,19,45453656,4.415432e-10
rs10402642,19,45453878,3.512961e-10
rs7246900,19,45454236,5.509198e-10
rs11083752,19,45454363,4.869490e-10
rs7248162,19,45454686,5.419142e-10
rs7247227,19,45454759,3.272141e-10
rs892101,19,45455458,5.140897e-10
rs7251501,19,45455706,3.166318e-10
rs7251503,19,45455715,3.418976e-10
rs12460346,19,45455901,8.651054e-16
rs12460347,19,45455905,2.268366e-16
rs7254723,19,45455921,1.032604e-17
rs12460352,19,45455966,2.034718e-11
rs4803777,19,45456101,4.621883e-11
rs190651665,19,45456103,1.056863e-09
rs4803778,19,45456246,2.119634e-11
rs4803779,19,45456497,5.004906e-10
rs4803780,19,45456628,8.531317e-10
rs3760625,19,45456941,7.054278e-10
rs3760626,19,45457105,7.968529e-10
rs3760627,19,45457180,1.006726e-09
rs3760628,19,45457225,6.939556e-10
rs66867801,19,45457293,3.105543e-09
rs7259679,19,45457306,2.141117e-09
rs66771331,19,45457319,2.379132e-09
rs73047641,19,45457377,2.852325e-09
rs7245611,19,45457567,6.089385e-12
rs10426750,19,45457684,7.509933e-10
rs3760629,19,45458146,9.885913e-10
rs117316645,19,45458212,4.782145e-24
rs41334244,19,45458235,1.260286e-22
rs2238682,19,45458593,2.499944e-09
rs7252480,19,45458925,4.151716e-09
19:45459671,19,45459671,1.090962e-09
rs2239375,19,45459851,1.007445e-09
rs204906,19,45461980,1.066491e-09
rs204907,19,45461996,8.073139e-11
rs61062133,19,45463256,1.853577e-23
rs204910,19,45463385,6.749708e-10
rs116949436,19,45463386,3.957920e-50
rs576651896,19,45463398,2.120000e-11
rs204911,19,45463540,6.583034e-10
rs8100120,19,45466058,1.127503e-09
rs8100236,19,45466144,1.110584e-09
rs204912,19,45466207,8.778092e-10
rs204913,19,45466238,2.332418e-09
rs111997200,19,45466325,2.590626e-09
rs204914,19,45466335,2.218550e-09
rs147901416,19,45466792,1.954513e-19
rs11878597,19,45470298,1.457410e-09
rs16979586,19,45471742,2.079220e-23
rs59136988,19,45472261,2.756340e-23
rs56834222,19,45472649,2.496115e-23
rs16979588,19,45475938,2.600535e-23
rs73558179,19,45476504,4.433738e-22
rs2293755,19,45476657,7.579302e-22
rs204480,19,45477111,6.236034e-09
rs16979595,19,45477381,1.128458e-20
rs73558188,19,45480174,5.752771e-23
rs73558190,19,45481985,3.233789e-23
rs204477,19,45482201,5.141551e-09
rs8111069,19,45483438,8.809584e-24
rs73558194,19,45483844,2.415654e-23
rs73558195,19,45485491,1.094867e-23
rs77021985,19,45485626,3.139435e-14
rs57270598,19,45486148,2.197219e-23
rs143668237,19,45486687,4.842700e-24
rs112417029,19,45486730,2.478316e-23
rs111869796,19,45486947,3.454070e-23
rs204474,19,45487178,3.935707e-10
rs16979600,19,45487420,6.057869e-23
rs204473,19,45487519,2.581983e-09
rs73558200,19,45487670,3.467054e-23
rs112329279,19,45488093,2.844134e-23
rs34112623,19,45489950,2.429741e-23
rs11672748,19,45490192,7.254170e-24
rs204469,19,45490285,1.888464e-09
rs7257610,19,45490428,1.769387e-23
rs3786505,19,45490570,2.476013e-23
rs204468,19,45490636,2.599938e-13
rs204467,19,45491174,6.545094e-14
rs909134,19,45493061,1.365272e-23
rs2075619,19,45495682,1.640372e-23
rs57204168,19,45496776,2.611964e-23
rs60461903,19,45497577,2.984935e-23
rs73560223,19,45498622,2.824373e-23
rs56784978,19,45499388,1.686840e-23
rs12459272,19,45499922,2.137552e-09
rs148851376,19,45500494,2.421913e-23
rs2376866,19,45500712,2.770754e-20
rs71352248,19,45502503,6.332438e-10
rs35577563,19,45504349,2.846082e-12
rs117612135,19,45504527,6.260397e-47
19:45505803,19,45505803,6.116552e-45
rs35255921,19,45507542,3.768064e-45
rs34800911,19,45507671,3.849466e-44
rs10423543,19,45508272,3.228654e-10
rs874743,19,45513236,7.133671e-26
rs874744,19,45513417,8.123585e-27
19:45514061,19,45514061,9.030353e-13
rs28809016,19,45514472,3.749756e-26
rs35194383,19,45516050,5.954651e-13
rs34874378,19,45516881,5.388354e-22
rs116518981,19,45517497,1.865002e-21
rs74359223,19,45522289,1.138523e-36
rs28697575,19,45523127,2.076287e-19
rs4803791,19,45523583,1.807604e-13
rs114248186,19,45524119,4.220708e-26
rs34034398,19,45529847,5.267000e-17
rs34583389,19,45530351,1.405109e-10
rs76856627,19,45543755,8.945066e-17
rs112481437,19,45549135,8.663113e-18
rs147188206,19,45552587,2.617300e-14
rs559118614,19,45554058,9.627000e-30
rs117912158,19,45559799,7.149000e-16
rs60239918,19,45580372,2.253343e-15
rs183321458,19,45581076,1.506000e-11
rs7251911,19,45582402,1.852726e-10
rs10416500,19,45586498,7.476518e-17
rs118062675,19,45590124,1.558449e-13
rs78620885,19,45591084,6.712499e-14
rs10420562,19,45592238,2.318437e-19
rs138137383,19,45601601,1.003398e-18
rs12461065,19,45605308,7.973268e-15
rs7248421,19,45606125,2.828330e-37
rs12462040,19,45612226,1.639270e-37
rs34545713,19,45614601,1.957922e-37
rs2004357,19,45618959,7.097562e-38
rs150567157,19,45622320,6.509461e-21
rs375594987,19,45623467,2.561390e-11
rs10405086,19,45627235,1.375259e-36
rs10413253,19,45628566,2.375949e-09
rs145903417,19,45629104,3.195363e-23
rs17643262,19,45631816,1.893672e-37
rs754366,19,45633686,2.022981e-37
rs10408847,19,45634682,4.320731e-14
rs1114832,19,45636201,1.482293e-34
rs1114831,19,45636319,4.699224e-37
rs28620490,19,45638245,7.930244e-38
rs3925162,19,45639716,6.205412e-14
rs10425074,19,45640124,4.821604e-14
rs536518226,19,45640765,1.779362e-19
rs10401157,19,45642044,5.213298e-38
rs10401823,19,45642545,8.216482e-38
rs2041262,19,45643890,2.000577e-13
rs78273125,19,45644354,5.882602e-38
rs74846209,19,45650099,5.620685e-38
rs1048699,19,45650386,2.158753e-37
rs113321260,19,45651237,3.250016e-38
rs1005451,19,45652079,1.481847e-13
rs28469095,19,45655333,1.072243e-38
rs10421247,19,45657486,5.824774e-09
rs10417602,19,45660639,1.283762e-31
19:45668327,19,45668327,1.371828e-32
rs28367893,19,45673701,6.675929e-33
rs150685845,19,45675180,3.196825e-23
rs7247764,19,45675873,1.209550e-10
rs78979751,19,45685068,1.013175e-30
rs10415850,19,45689892,2.171519e-33
rs59678362,19,45689976,3.051821e-23
rs59839536,19,45689977,5.460211e-23
rs75858218,19,45690545,3.154151e-29
rs12462536,19,45690775,6.168567e-29
rs12460985,19,45690889,2.185501e-11
rs12463049,19,45690950,3.156084e-13
rs12463106,19,45691040,3.378538e-12
rs12461027,19,45691126,3.943258e-11
rs78144257,19,45691279,9.232997e-11
rs75348771,19,45691303,1.007271e-12
rs80012930,19,45691343,1.918315e-10
rs77310255,19,45691428,6.641878e-11
rs111243475,19,45691570,4.804240e-14
rs10469272,19,45694310,2.874855e-09
rs149495476,19,45696639,2.434776e-16
rs73566243,19,45697020,1.349317e-09
rs620807,19,45706952,8.234326e-14
rs8105818,19,45707532,5.917754e-12
rs606757,19,45707830,4.157368e-12
rs582747,19,45707917,2.225944e-22
rs605003,19,45708239,6.055576e-23
rs595290,19,45708408,4.649643e-23
rs2627641,19,45708758,8.188128e-23
rs597668,19,45708888,1.112091e-22
rs4803806,19,45708947,1.208492e-22
rs598183,19,45709036,1.283398e-22
rs7248787,19,45709987,1.001518e-22
rs7249082,19,45710276,8.125635e-23
rs111435864,19,45710456,3.360097e-12
rs180701077,19,45710484,4.641683e-15
rs7249570,19,45710539,2.048194e-22
rs189717141,19,45710572,2.085000e-14
rs4802250,19,45710863,8.338286e-15
rs10415983,19,45711598,2.132733e-20
rs10416346,19,45711616,3.565421e-10
rs73034875,19,45711733,6.446148e-11
rs139330969,19,45712550,3.121560e-21
rs143355908,19,45712584,5.597000e-13
rs73566293,19,45712679,1.574557e-21
rs149249954,19,45712969,7.491862e-13
rs182645183,19,45712970,6.547825e-13
rs187642654,19,45712980,2.043192e-13
rs183110257,19,45713116,4.300000e-13
rs56845483,19,45713298,2.597674e-20
rs189063316,19,45716364,2.912349e-13
rs151046811,19,45717248,1.178039e-19
rs142428371,19,45717296,7.018889e-20
rs144670664,19,45717785,1.656988e-12
rs187458474,19,45717943,1.288019e-12
rs10415392,19,45719790,1.006875e-11
rs144640143,19,45722616,6.236545e-12
rs12461144,19,45723706,2.899266e-12
rs28645301,19,45724692,1.196641e-11
rs28607628,19,45724743,1.701587e-11
rs28564302,19,45724868,1.317015e-11
rs61079153,19,45724961,8.547435e-12
rs60269219,19,45724963,8.575746e-12
rs144619413,19,45725081,4.436549e-18
rs59356929,19,45725127,1.537735e-11
rs141681064,19,45725149,4.442521e-18
rs58213824,19,45725185,1.458511e-11
rs346757,19,45725448,1.200203e-22
rs346758,19,45725739,1.637445e-22
rs73568222,19,45725975,5.364733e-12
rs10422797,19,45726106,1.988900e-11
rs10423031,19,45726224,3.297527e-11
rs10421938,19,45726458,1.727966e-11
rs10423753,19,45726563,1.507769e-11
rs113728460,19,45726654,1.402870e-11
rs142415915,19,45726745,1.425444e-11
rs146871722,19,45726758,1.435561e-11
rs143154520,19,45726869,1.400301e-11
rs111691933,19,45726964,1.480257e-11
rs112909419,19,45726968,9.595655e-11
rs112668741,19,45726976,9.798207e-11
rs111462669,19,45727167,1.069603e-11
rs115000917,19,45727275,1.161564e-11
rs114034486,19,45727276,1.123993e-11
rs11881161,19,45727362,2.309073e-11
rs10405194,19,45727622,1.668794e-11
rs10403626,19,45727671,1.969744e-11
rs10411314,19,45728059,2.736694e-11
rs10410003,19,45728123,3.337410e-11
rs10410561,19,45728231,2.484724e-11
rs10411743,19,45728238,5.546790e-12
rs10412154,19,45728406,2.392676e-11
rs346761,19,45728576,8.828940e-12
rs10412614,19,45728595,2.494624e-11
rs59741163,19,45728806,5.565944e-12
rs57403313,19,45728942,5.677278e-12
rs346762,19,45729123,7.600044e-13
rs35087817,19,45729200,3.783898e-12
rs346763,19,45729275,2.952401e-12
rs346764,19,45729533,7.602836e-13
rs8109063,19,45729587,4.129132e-12
rs8112342,19,45729813,3.767061e-12
rs10424245,19,45729948,9.680669e-12
rs112405270,19,45730238,7.005803e-11
rs61463967,19,45730470,1.025978e-11
rs141492594,19,45730795,7.501729e-12
rs56187099,19,45731564,2.338851e-10
rs58258155,19,45732725,2.968824e-10
rs346771,19,45732839,2.467751e-20
rs148613044,19,45732972,2.514615e-10
rs346773,19,45733201,2.459076e-21
rs8110977,19,45733214,4.837707e-12
rs10402739,19,45733897,9.666367e-12
rs62118504,19,45734751,4.488906e-13
rs3865444,19,51727962,5.149471e-09
rs12459419,19,51728477,5.815962e-09
rs6069736,20,54983075,1.607341e-09
rs1884913,20,54984064,8.860276e-09
rs6024861,20,54984140,4.212486e-09
rs6064392,20,54984768,5.188065e-09
rs17462136,20,54987216,5.287444e-09
rs73156368,20,54988072,5.584611e-09
rs6014722,20,54989833,2.156373e-09
rs6069737,20,54995699,1.149204e-09
rs6024870,20,54997568,2.092528e-09
rs6014724,20,54998544,5.381053e-10
rs6069749,20,55021575,2.145220e-09
rs113221226,20,55024101,4.896916e-09
rs6024883,20,55025377,1.869608e-09
rs6064396,20,55040537,6.006873e-09
