y_true,LR_prob,LR_pred,LDA_prob,LDA_pred,GaussianNB_prob,GaussianNB_pred,KNN_prob,KNN_pred,SVM_RBF_prob,SVM_RBF_pred,SVM_Linear_prob,SVM_Linear_pred,DecisionTree_prob,DecisionTree_pred,RandomForest_prob,RandomForest_pred,ExtraTrees_prob,ExtraTrees_pred,GradientBoosting_prob,GradientBoosting_pred,Bagging_LR_prob,Bagging_LR_pred,MLP_prob,MLP_pred,VotingEnsemble_prob,VotingEnsemble_pred
1,0.6530700825009509,1,0.5215757577647055,1,0.0011291395252025632,0,0.5366545266964546,1,0.45209309709910744,0,0.5395576695302348,1,0.0632647747982296,0,0.4166666666666667,0,0.4033333333333333,0,0.3084930083787746,0,0.6441237722798786,1,0.22724412,0,0.44611673868920576,0
0,0.2677725392883089,0,0.48558880264390636,0,0.5031229001780252,1,0.520172561260403,1,0.5,1,0.4769355194497624,0,0.5977191413237924,1,0.44,0,0.43333333333333335,0,0.4541790627428427,0,0.23476144224401047,0,0.4264656,0,0.4599455118460537,0
1,0.7065921952947763,1,0.5608383185031385,1,0.9999933617942024,1,0.7354307317886928,1,0.6228929658149941,1,0.5409355638162106,1,1.0,1,0.6533333333333333,1,0.6533333333333333,1,0.6446569695202234,1,0.7055935735359355,1,0.62359613,1,0.677600957130349,1
0,0.42705116897477285,0,0.500535045080484,1,0.00011624061748690414,0,0.18013786016785985,0,0.4283061183442485,0,0.5053626615526474,1,0.0,0,0.2633333333333333,0,0.33,0,0.21908620282871996,0,0.38117615041821923,0,0.31441888,0,0.38666814500317276,0
1,0.5930930784760765,1,0.528862102713872,1,0.9891841209364874,1,0.6418604179271925,1,0.5357126001963589,1,0.5242463929507438,1,1.0,1,0.49666666666666665,0,0.5733333333333334,1,0.42947910243236215,0,0.6173202805160343,1,0.6376032,1,0.5214255564703035,1
0,0.540708616451196,1,0.5234770267236687,1,0.20147308769677733,0,0.37450622553308394,0,0.4892570857795689,0,0.5145030259777054,1,1.0,1,0.52,1,0.54,1,0.7021310713741121,1,0.5702900321487051,1,0.31805018,0,0.4870551432661987,0
1,0.6072762351003531,1,0.5025705143272964,1,0.9999988607134705,1,0.6396636087049313,1,0.5879966936646602,1,0.528344339238357,1,0.6020439764633013,1,0.7066666666666667,1,0.71,1,0.8526106733253365,1,0.6111012711609459,1,0.81273925,1,0.632495447578213,1
0,0.29033427991060656,0,0.49716310420592846,0,5.353779339854756e-10,0,0.3881520520327388,0,0.3621322138680085,0,0.48630328684992663,0,0.0,0,0.24,0,0.26,0,0.23244347364986173,0,0.2755831627984918,0,0.15234159,0,0.3089529312743092,0
0,0.514005387111757,1,0.4706022498577065,0,0.9998980568172351,1,0.6607894014026914,1,0.6451827483363747,1,0.5181698612248157,1,0.5977191413237924,1,0.6766666666666666,1,0.6866666666666666,1,0.8015052978460352,1,0.5792835304479637,1,0.68011945,1,0.6170038311872937,1
1,0.6289515460521943,1,0.5261665538256921,1,0.00560659971991277,0,0.3663051693270388,0,0.5,1,0.5101217455078181,1,0.6881067961165048,1,0.51,1,0.5033333333333333,1,0.45858490016473363,0,0.553106838275427,1,0.5275328,1,0.5049982451635004,1
0,0.26429890425188146,0,0.4860418705435345,0,0.011365314739785626,0,0.5419435220225317,1,0.4331056334872003,0,0.4770735771321464,0,0.0,0,0.35,0,0.3933333333333333,0,0.39309402473336413,0,0.2344285955349007,0,0.5642772,1,0.3630216740563138,0
1,0.49415502623373825,0,0.5179017491470075,1,0.931646680376799,1,0.6436457795303662,1,0.5,1,0.4943950214406034,0,0.48599999999999993,0,0.5,1,0.49666666666666665,0,0.4221258362105415,0,0.46483676313562755,0,0.4669241,0,0.46250403065966234,0
0,0.4102548388324197,0,0.5165483555596367,1,0.0009642682807704799,0,0.7228235629773025,1,0.5,1,0.5115238539852178,1,0.6881067961165048,1,0.54,1,0.54,1,0.3362034057039412,0,0.4775348494942552,0,0.40212017,0,0.47648857656732974,0
1,0.6248742433605193,1,0.5282390746952536,1,0.9999277006988369,1,0.25891793067786223,0,0.49218893074709613,0,0.5145864045274675,1,0.9043542984741347,1,0.41,0,0.37,0,0.25491441715033825,0,0.6109564510298958,1,0.24139537,0,0.4723008612165374,0
0,0.26879928458991337,0,0.49241243626026954,0,0.00011773606964672973,0,0.422410402283862,0,0.4299626264221946,0,0.47718782071839017,0,0.0,0,0.5366666666666666,1,0.44666666666666666,0,0.4760608058069092,0,0.24105663912234185,0,0.34314355,0,0.4243958764810814,0
1,0.5987227239104335,1,0.5380068710705738,1,0.00014176031842863963,0,0.6514122911086223,1,0.44783041377380456,0,0.531822903433826,1,0.0,0,0.48333333333333334,0,0.5266666666666666,1,0.7012059460628535,1,0.6201526332201434,1,0.27866605,0,0.5098871837711817,1
1,0.5866089397458143,1,0.5123021965180545,1,0.13672145742539946,0,0.35189272293151835,0,0.4869994219931617,0,0.5095255989089279,1,0.4149117814456459,0,0.5233333333333333,1,0.48333333333333334,0,0.5746382580816515,1,0.5841069709326727,1,0.5055761,1,0.5005639946001607,1
0,0.3645981680684963,0,0.4797671658618959,0,4.89679038182227e-13,0,0.25843688996247716,0,0.4283454532284223,0,0.5,1,0.486,0,0.42333333333333334,0,0.2833333333333333,0,0.24535803612889875,0,0.35951334208342034,0,0.19254091,0,0.32092292860177507,0
0,0.8074931336758231,1,0.5600234985275581,1,0.9999832132339592,1,0.44529533278741096,0,0.5342257110217506,1,0.5518128162175577,1,1.0,1,0.5066666666666667,1,0.5133333333333333,1,0.684679951641595,1,0.8071242127463083,1,0.7152499,1,0.5922914240689866,1
0,0.46583539122646944,0,0.4983733398438443,0,0.6424818279926084,1,0.4272965545882878,0,0.47770355234061,0,0.512303000044296,1,0.0,0,0.48,0,0.44333333333333336,0,0.37642150137391645,0,0.44010935144081564,0,0.471739,0,0.4651222746829866,0
1,0.6378270522293782,1,0.54011158765051,1,0.5658692919002134,1,0.6460749770000057,1,0.5709466846392273,1,0.5356700251352724,1,0.8948445171849426,1,0.6166666666666667,1,0.66,1,0.6892506916977682,1,0.5948433140331297,1,0.46828294,0,0.6398846092111147,1
0,0.23999036701612497,0,0.43781579088761735,0,0.9999362994802775,1,0.4511916868094481,0,0.5532047074241302,1,0.46707777926979194,0,0.8345138441725692,1,0.5833333333333334,1,0.58,1,0.3614732167331527,0,0.27951044253016627,0,0.6824742,1,0.46701073688177336,0
0,0.3661005296981844,0,0.4939541907397989,0,5.111259423113016e-05,0,0.3661347523976793,0,0.41264730095506524,0,0.4901284943545677,0,0.486,0,0.32,0,0.4166666666666667,0,0.24935029370680495,0,0.3587601164536254,0,0.34107864,0,0.3615640876753753,0
0,0.7456079238225318,1,0.5566351650130839,1,0.9997833290298537,1,0.70140189507336,1,0.6109755070664035,1,0.54462812279321,1,1.0,1,0.7633333333333333,1,0.7033333333333334,1,0.8391368340819314,1,0.7710700277007354,1,0.7456629,1,0.6828551826926411,1
0,0.5976232483307689,1,0.5240141318824059,1,0.9999998873325985,1,0.651941316719704,1,0.6219563421669019,1,0.5154762662158452,1,0.8948445171849426,1,0.6766666666666666,1,0.69,1,0.7656247870233452,1,0.6477619607736862,1,0.5796334,1,0.6377730602641254,1
0,0.4476182584112759,0,0.5154243972378367,1,5.300543551193121e-06,0,0.2799151672767545,0,0.4257568119131423,0,0.5095020575278354,1,0.09507042253521125,0,0.3333333333333333,0,0.37333333333333335,0,0.2599039423524026,0,0.3673417995773917,0,0.2975913,0,0.3983816970009705,0
1,0.39732390413382307,0,0.5024784781294295,1,6.13672584363056e-05,0,0.710210141199249,1,0.4719913507590542,0,0.47979700830685773,0,0.6881067961165048,1,0.5166666666666667,1,0.58,1,0.3889701889672881,0,0.37599744411071173,0,0.50661635,1,0.48349313011098055,0
1,0.5036270780935022,1,0.5300874708921652,1,0.9868058733254667,1,0.7421324283000837,1,0.5763151301167041,1,0.5214618153868498,1,0.0,0,0.6366666666666667,1,0.7133333333333334,1,0.8041621312157804,1,0.4772862035042029,0,0.60658807,1,0.6060034763689764,1
0,0.3827972141476323,0,0.48987453786238655,0,0.9999546416204041,1,0.6249742206725578,1,0.5955124973646897,1,0.5,1,0.6881067961165048,1,0.68,1,0.57,1,0.5405349755176617,1,0.40308584638218536,0,0.641209,1,0.5840096766812061,1
1,0.5211854742508943,1,0.5499264197334883,1,0.9999325948869227,1,0.7260667237482884,1,0.5940999661385765,1,0.5266138277720718,1,1.0,1,0.6033333333333334,1,0.6466666666666666,1,0.7854015499983948,1,0.45576133537054153,0,0.7073118,1,0.6095944077271146,1
1,0.45850283297142574,0,0.5021549995876221,1,0.7500237719819964,1,0.46799697187810557,0,0.5169790564556525,1,0.5145795395755253,1,1.0,1,0.43666666666666665,0,0.4766666666666667,0,0.5786364279952849,1,0.48625032122478573,0,0.49870482,0,0.4739694472026402,0
0,0.6947565791193389,1,0.5342155966153642,1,0.9999819417372718,1,0.65420724320794,1,0.5955237851755689,1,0.5336853583251666,1,0.0,0,0.69,1,0.7,1,0.8438395752723422,1,0.6741635689771277,1,0.7029313,1,0.6754485587931425,1
0,0.6448062947470832,1,0.5446682682053683,1,0.38627388056352574,0,0.5836546969850438,1,0.5127343215432968,1,0.5277279378727288,1,0.48599999999999993,0,0.5066666666666667,1,0.5766666666666667,1,0.6787955145845379,1,0.6084721995057074,1,0.50029385,1,0.5498365824890507,1
0,0.7653915575849001,1,0.5553287476064461,1,0.9018708485754456,1,0.4683068335352011,0,0.5210521990530322,1,0.561129689102023,1,0.386634844868735,0,0.5466666666666666,1,0.5466666666666666,1,0.4697841519143842,0,0.7583159586433422,1,0.58779216,1,0.562141840546447,1
1,0.7657971323293559,1,0.5353287579295349,1,0.9999994453201398,1,0.7390633164949462,1,0.6443732003946891,1,0.5652651688789047,1,1.0,1,0.72,1,0.7566666666666667,1,0.8259464613752605,1,0.7538591786308427,1,0.7494801,1,0.7070290525290345,1
1,0.4632274851311438,0,0.5052428259683912,1,0.9884347840339769,1,0.4705284798893566,0,0.534586651900394,1,0.5229153820759669,1,1.0,1,0.5333333333333333,1,0.5666666666666667,1,0.6828495650982143,1,0.4804677363637336,0,0.6344859,1,0.5348610647368275,1
0,0.8054366834507581,1,0.5565883850685256,1,0.997819297819746,1,0.8251318071793947,1,0.6020328403888712,1,0.5599989789401713,1,0.48599999999999993,0,0.7166666666666667,1,0.66,1,0.7329639985201883,1,0.7921677582941604,1,0.6531441,1,0.6352851282305715,1
0,0.8001925433419887,1,0.5421912284506697,1,0.9999933617592439,1,0.7280074193707894,1,0.6044736468911522,1,0.562427383593431,1,1.0,1,0.7033333333333334,1,0.6766666666666666,1,0.8249723514349562,1,0.752201771623497,1,0.7744003,1,0.6956142478678451,1
1,0.6148232662796169,1,0.5582361989794679,1,0.9999996333853677,1,0.6598513246567133,1,0.5656397911487693,1,0.5431542412659796,1,0.4406964091403699,0,0.62,1,0.63,1,0.6044998878439484,1,0.6123470526057713,1,0.5625066,1,0.5980808153208242,1
0,0.6679262064598548,1,0.5235650055447112,1,0.9987008644229017,1,0.447180395007988,0,0.5254787676315184,1,0.5262043461008085,1,0.23964497041420113,0,0.5266666666666666,1,0.49333333333333335,0,0.5139095701408664,1,0.7336356195565651,1,0.5053731,1,0.5231959719495423,1
1,0.3436304552038347,0,0.453259071318732,0,0.9938789826462398,1,0.5587324048076516,1,0.5735762156463037,1,0.5051098826997134,1,0.1590314136125654,0,0.5533333333333333,1,0.5433333333333333,1,0.4992666129912887,0,0.3840337444237882,0,0.6522985,1,0.5026014324365446,1
0,0.6482445613077591,1,0.5546341495282819,1,0.9999516445782376,1,0.47031237494704925,0,0.6134255007989365,1,0.5335204800734855,1,0.21269146608315095,0,0.7566666666666667,1,0.7133333333333334,1,0.8481827870391697,1,0.6862545132616211,1,0.7969801,1,0.6881190435386294,1
1,0.6330703906810754,1,0.5308638339001222,1,0.9999771738834006,1,0.5436774129940717,1,0.6384807939440336,1,0.5386417743220503,1,0.790886899918633,1,0.7166666666666667,1,0.7233333333333334,1,0.7195979595265364,1,0.6467369677211096,1,0.7439126,1,0.6670840368916651,1
0,0.836456172026601,1,0.5749855942954512,1,0.9998092497554761,1,0.537918657819405,1,0.5676807653911684,1,0.5544490423436204,1,1.0,1,0.6133333333333333,1,0.5233333333333333,1,0.7023788757045937,1,0.8066241091745426,1,0.501797,1,0.5835624371266859,1
0,0.5244328868175326,1,0.5077738493865172,1,0.9758614843305045,1,0.2661492662980017,0,0.45728224470224926,0,0.5129050467265207,1,0.8948445171849426,1,0.44,0,0.4066666666666667,0,0.487280848973783,0,0.49364635039802296,0,0.24244313,0,0.44457316038752864,0
1,0.5160009977668591,1,0.5271027538070083,1,2.706677432007617e-06,0,0.3459279528295491,0,0.4066691244115539,0,0.5204715229196804,1,1.0,1,0.32666666666666666,0,0.35,0,0.2598262761295731,0,0.48233033295496486,0,0.33543804,0,0.4006923413660286,0
1,0.7297809498456684,1,0.5309227244508726,1,0.8556795643471431,1,0.7181052942041697,1,0.5593729348081263,1,0.5593434485389145,1,0.8948445171849426,1,0.62,1,0.66,1,0.6863760561366463,1,0.7319568522897916,1,0.59118086,1,0.6108181249738721,1
0,0.1557263972257632,0,0.45581728664815974,0,3.602550911396119e-05,0,0.43355014984680085,0,0.40792333506547984,0,0.452795543786969,0,0.0,0,0.33,0,0.39,0,0.20505313663786873,0,0.13678644182397626,0,0.33714682,0,0.34799174235924857,0
0,0.20628927883166967,0,0.4752810122525215,0,9.404419703546279e-07,0,0.3699634275873816,0,0.41558844495816566,0,0.4610671415013874,0,0.0,0,0.30666666666666664,0,0.39666666666666667,0,0.26157553261805644,0,0.21812841008992329,0,0.44868335,0,0.3693625628523087,0
0,0.35120967174803663,0,0.4986197453154822,0,0.0002244271495223377,0,0.36717209467997913,0,0.46225510091294886,0,0.4885246609077654,0,0.10010298661174045,0,0.37333333333333335,0,0.47,0,0.3062992463180562,0,0.40242136144781654,0,0.4281104,0,0.4095312544341899,0
1,0.18403072653246094,0,0.4650566138691724,0,0.4320718798627461,0,0.5615113413761978,1,0.4669453832941498,0,0.46510440398740505,0,0.6881067961165048,1,0.48333333333333334,0,0.4766666666666667,0,0.41464152753729316,0,0.23988754368997015,0,0.40480012,0,0.4102995834473005,0
1,0.26477467780174296,0,0.46664144620978165,0,0.0029024658911314324,0,0.5564048450655122,1,0.47937475057542955,0,0.47531846844912057,0,0.8254076086956521,1,0.52,1,0.52,1,0.6027747729849936,1,0.33741030868992167,0,0.41421282,0,0.45350127543162483,0
1,0.8197995910882436,1,0.5660725750814191,1,0.9999967201314703,1,0.8357765472046774,1,0.6235517580765851,1,0.5813648514492352,1,1.0,1,0.7,1,0.7433333333333333,1,0.8739658454088158,1,0.78952782242958,1,0.68636876,1,0.7057794851413108,1
1,0.6612063345649852,1,0.5351351958158153,1,0.000198156929878816,0,0.34393956128081365,0,0.5,1,0.5346625323266301,1,0.4406964091403699,0,0.4633333333333333,0,0.41333333333333333,0,0.35786321291098994,0,0.6402696024177209,1,0.47483188,0,0.5056376421936051,1
1,0.5998963696393403,1,0.5240165512839271,1,0.03447755458783739,0,0.4500919885308138,0,0.5173508957581496,1,0.5137125112098232,1,0.1590314136125654,0,0.5166666666666667,1,0.49333333333333335,0,0.683286429496975,1,0.6331923968375718,1,0.4345477,0,0.4962634380221419,0
0,0.477223863578893,0,0.50426314814621,1,0.13340645194831802,0,0.5242379506716479,1,0.5,1,0.49358021164592747,0,0.10010298661174045,0,0.5166666666666667,1,0.48,0,0.25062125278780684,0,0.5018142729976315,1,0.49858838,0,0.46406751493920073,0
1,0.8285398105320709,1,0.593366217484584,1,0.8747243057615776,1,0.6350369273343017,1,0.4872030709163582,0,0.5632289107815834,1,1.0,1,0.53,1,0.5266666666666666,1,0.5295936530822208,1,0.7820306624912965,1,0.5828212,1,0.5912099607952591,1
1,0.3478184143613896,0,0.504428415588775,1,9.185817018159087e-07,0,0.30027966484895113,0,0.41353540132045247,0,0.48945178284318724,0,0.7027183342972816,1,0.36,0,0.41333333333333333,0,0.17993851942119957,0,0.3543062154077697,0,0.22830819,0,0.3863772581842037,0
0,0.4781076004398628,0,0.5082995060072746,1,0.4593880262968113,0,0.3398316607387407,0,0.47975240036236266,0,0.4939015140481444,0,0.486,0,0.38,0,0.36,0,0.36869703163487866,0,0.4988160215481856,0,0.48169,0,0.42249094173321616,0
0,0.49772004575468254,0,0.5012423732932196,1,6.7167388090710174e-09,0,0.639898712614051,1,0.427092300958802,0,0.5,1,1.0,1,0.5066666666666667,1,0.59,1,0.6824514306874186,1,0.47893645052643374,0,0.35634196,0,0.4848456495400356,0
1,0.8584214328804766,1,0.5577033631700055,1,0.9999999994578843,1,0.8254825142255346,1,0.6867404620864607,1,0.5559567577040762,1,0.790886899918633,1,0.8533333333333334,1,0.8366666666666667,1,0.9215594886174507,1,0.8509319236924935,1,0.8389594,1,0.7831952199550651,1
0,0.28479669811748026,0,0.4944270457814103,0,6.016373011141197e-09,0,0.3567222837451828,0,0.439769614765937,0,0.4680578621555371,0,1.0,1,0.4166666666666667,0,0.45666666666666667,0,0.41893942531593514,0,0.2598757299576454,0,0.26420984,0,0.40136469692900156,0
1,0.6314395523374404,1,0.5232083106741868,1,0.8620756382794386,1,0.5083700738440236,1,0.4945914181253238,0,0.5284410023494547,1,0.0,0,0.49333333333333335,0,0.48,0,0.46648936564735644,0,0.644607059473649,1,0.37329802,0,0.4959107745922336,0
1,0.47909887651953825,0,0.5099742595737007,1,0.6584556203491172,1,0.5314653428393592,1,0.5,1,0.5143197168752568,1,1.0,1,0.4866666666666667,0,0.5466666666666666,1,0.5691247383580057,1,0.4694818396812178,0,0.56496805,1,0.5156642760593305,1
1,0.21876254979212575,0,0.47823456305285755,0,3.291650949834733e-05,0,0.3492627990917101,0,0.4079030562301691,0,0.4727316446983959,0,0.0,0,0.2633333333333333,0,0.36333333333333334,0,0.28583025922196664,0,0.23954592061239302,0,0.31898803,0,0.33783102016988875,0
1,0.5502909898637759,1,0.5350735649110427,1,0.9999684062190769,1,0.492285591086977,0,0.5554638082443999,1,0.5309184637158384,1,0.6881067961165048,1,0.68,1,0.6333333333333333,1,0.7472428109034231,1,0.5132441100537887,1,0.63011646,1,0.5968426785054843,1
1,0.7603797923296559,1,0.4655234499714802,0,0.9999242222193124,1,0.4309094915978896,0,0.5672955247423229,1,0.5359605651241809,1,0.1590314136125654,0,0.49,0,0.47,0,0.3932276640435297,0,0.738889571571288,1,0.58975744,1,0.5809805887361266,1
1,0.514915691530038,1,0.5046196032045842,1,2.6351637762235784e-08,0,0.38385085269959696,0,0.435542602172287,0,0.5375374250244238,1,0.8345138441725692,1,0.4666666666666667,0,0.43333333333333335,0,0.5554792230672455,1,0.5664007872254616,1,0.39671752,0,0.4513016942273395,0
0,0.4406857006334176,0,0.5100716638308331,1,0.15683712496491153,0,0.482754464021759,0,0.5209757334792883,1,0.5,1,0.9341363403382881,1,0.45666666666666667,0,0.5366666666666666,1,0.5844928804109444,1,0.40501935116359944,0,0.49615163,0,0.49161514726402894,0
1,0.8348568274335035,1,0.5775974324269931,1,0.002061227579476208,0,0.5352363310403107,1,0.5063128172976761,1,0.5760365427842786,1,0.8345138441725692,1,0.52,1,0.48,0,0.6323592666288066,1,0.7716119665642844,1,0.5068357,1,0.5381559128033754,1
1,0.48309190894281717,0,0.4954750178972188,0,2.2371459222823945e-06,0,0.822028369841449,1,0.4526858651639123,0,0.5149071560365908,1,0.0,0,0.4266666666666667,0,0.53,1,0.30153288004737994,0,0.5432067477758753,1,0.31472254,0,0.43919772952614616,0
0,0.5378395357964082,1,0.5238203876708877,1,0.7636857521212835,1,0.8164003827007601,1,0.5372059591079689,1,0.531580235457128,1,1.0,1,0.6466666666666666,1,0.6566666666666666,1,0.634984375533036,1,0.506735107302788,1,0.543832,1,0.5713001795051713,1
0,0.4838160476186623,0,0.5068127969558398,1,0.00010844645711667584,0,0.46112255559203197,0,0.477665245475353,0,0.5124572497888665,1,0.4149117814456459,0,0.5066666666666667,1,0.5566666666666666,1,0.6065104261803649,1,0.47923854111626485,0,0.23184991,0,0.5189278522601366,1
1,0.18219921311549822,0,0.4763123158555448,0,1.195298220375255e-07,0,0.4911489217105303,0,0.41767237605052937,0,0.4645870201973606,0,0.8254076086956521,1,0.41,0,0.48,0,0.11360103264865418,0,0.2038941407344776,0,0.22588494,0,0.3539877158759043,0
1,0.5690145933748393,1,0.540933157956655,1,0.9999943666123354,1,0.7465810976021423,1,0.5890367962657145,1,0.5204479683839933,1,1.0,1,0.6666666666666666,1,0.7566666666666667,1,0.7506760135391469,1,0.5370036247722859,1,0.59608036,1,0.6220130627529772,1
0,0.35996803385544945,0,0.4913362276684503,0,4.7160247656202446e-05,0,0.5459603492565157,1,0.4881415574278326,0,0.49327750334294346,0,0.9043542984741347,1,0.44,0,0.44333333333333336,0,0.4430516743284001,0,0.3224810145421683,0,0.5075971,1,0.4860368983327894,0
1,0.3495275938499723,0,0.49818844745057306,0,0.0003215045281459586,0,0.46863197026833464,0,0.43446584593750803,0,0.49026730711329203,0,0.9043542984741347,1,0.3233333333333333,0,0.38333333333333336,0,0.16605302162902014,0,0.33740612104097356,0,0.3571436,0,0.3594451187196075,0
1,0.7929647099902681,1,0.5405330616469175,1,0.010121671497995515,0,0.36811469117095774,0,0.4936166703579254,0,0.5431422778085386,1,0.0,0,0.42333333333333334,0,0.41,0,0.3850248951763084,0,0.797336320973371,1,0.6297643,1,0.5060483775231887,1
0,0.44752137938372466,0,0.5164865703756412,1,0.0008804085392171676,0,0.4398434156445233,0,0.4583191939632637,0,0.5137396239303077,1,0.386634844868735,0,0.4066666666666667,0,0.36333333333333334,0,0.2551990660723974,0,0.4709628761008179,0,0.34565488,0,0.42713756633410993,0
1,0.33565741357491297,0,0.5019791345074498,1,0.042926502577059635,0,0.43592949119335894,0,0.4231888705154902,0,0.48051849360035687,0,0.6881067961165048,1,0.43,0,0.44,0,0.3080050732213201,0,0.33067616861570165,0,0.104446225,0,0.3879410436503538,0
1,0.8885283918201008,1,0.5914909173405388,1,0.9994308319477349,1,0.4645663924631641,0,0.562077747850692,1,0.5768490723577032,1,0.8345138441725692,1,0.6133333333333333,1,0.6166666666666667,1,0.8349612955458626,1,0.8553002948796066,1,0.58869755,1,0.6296754282634297,1
0,0.7215104408383841,1,0.5507259826337807,1,0.9906461860569644,1,0.7421051586828705,1,0.5362148093025781,1,0.5538345219583362,1,1.0,1,0.5766666666666667,1,0.63,1,0.7370717166975079,1,0.7080474713287903,1,0.6211522,1,0.5664273482912571,1
1,0.7615758555264089,1,0.5344583186253468,1,0.9982058902620635,1,0.5619723462768859,1,0.5944053709251794,1,0.5389565370412505,1,1.0,1,0.6466666666666666,1,0.6,1,0.6865178155674555,1,0.788855129438509,1,0.69654423,1,0.6211986359844113,1
1,0.37639942469151805,0,0.4799155985061499,0,0.9892832509153653,1,0.659482544604674,1,0.538784089651973,1,0.47955127030810885,0,0.8254076086956521,1,0.55,1,0.5733333333333334,1,0.6958705383461423,1,0.4031077937707662,0,0.31492472,0,0.5013733392264632,1
1,0.7518394035851848,1,0.5622927715972271,1,0.9994134663209108,1,0.744184200639251,1,0.5794782406335414,1,0.5561390854396708,1,1.0,1,0.6933333333333334,1,0.7,1,0.7265679992737833,1,0.7430982665579805,1,0.665374,1,0.6403351746631216,1
0,0.2813904435398864,0,0.4869783870346961,0,3.015465487381476e-06,0,0.5598704325207609,1,0.46854583330322186,0,0.48598011958820275,0,0.9043542984741347,1,0.5033333333333333,1,0.5233333333333333,1,0.3470698438866621,0,0.31746191182352057,0,0.46450698,0,0.40366915541582665,0
1,0.2865574801026945,0,0.4732214764891503,0,0.0006310546116430826,0,0.1768198479220702,0,0.4592920274358434,0,0.4715245487634428,0,0.6802488335925349,1,0.37333333333333335,0,0.31666666666666665,0,0.20064990178609834,0,0.3061301208025694,0,0.3210467,0,0.37162801558637987,0
0,0.3607079916207719,0,0.5034294918301887,1,0.0014980963260016597,0,0.541216504840464,1,0.47407896951528267,0,0.5,1,0.0,0,0.42,0,0.43,0,0.3994489837470466,0,0.3759877724009681,0,0.2805566,0,0.43762852777809863,0
1,0.18038833863790657,0,0.4663778685883308,0,5.244245343040122e-06,0,0.4478379736894747,0,0.3758315404054714,0,0.4741651523053657,0,0.4406964091403699,0,0.3333333333333333,0,0.32666666666666666,0,0.11717174833523611,0,0.1442906718480085,0,0.16684738,0,0.32189604257447046,0
1,0.6654298260132271,1,0.5299882053560576,1,0.24379799720542925,0,0.3649012891674305,0,0.4859216059714449,0,0.5308942165827772,1,0.5245143385753931,1,0.4866666666666667,0,0.52,1,0.4338125704478467,0,0.6097608239542531,1,0.33575192,0,0.4791335667318598,0
1,0.38203182687922516,0,0.5060155380668971,1,0.17922434095403306,0,0.2797610113685452,0,0.48074728411975054,0,0.5,1,0.08638464273018127,0,0.47,0,0.5133333333333333,1,0.49677791076254585,0,0.3450014275496396,0,0.49010804,0,0.45900583511702,0
0,0.17372728164567794,0,0.45958963768755845,0,0.9130168525000963,1,0.2568865262783876,0,0.5,1,0.4518253269380808,0,0.386634844868735,0,0.4866666666666667,0,0.47333333333333333,0,0.5293576372875739,1,0.22218266163573538,0,0.44957504,0,0.44600659694316075,0
1,0.47951600044757037,0,0.5122947065656029,1,7.822631197210461e-05,0,0.6365480895388288,1,0.4354667828381629,0,0.5,1,0.08638464273018127,0,0.4633333333333333,0,0.51,1,0.49975558039622825,0,0.47063885261655786,0,0.24290243,0,0.4525908954728927,0
1,0.7625770704540124,1,0.5380916998561236,1,0.8805017478481728,1,0.17319799438264796,0,0.5299637392741222,1,0.5498769591094685,1,1.0,1,0.49333333333333335,0,0.5066666666666667,1,0.5515669244696675,1,0.7604676101352346,1,0.54188174,1,0.5442074343457594,1
1,0.6980204562727838,1,0.5472542553583739,1,0.8764500934856948,1,0.6858566042697362,1,0.5407406613705082,1,0.5358058456491299,1,0.6802488335925349,1,0.54,1,0.45666666666666667,0,0.41078740676009184,0,0.7143869676079759,1,0.6676689,1,0.5380304140522753,1
0,0.18465505056073186,0,0.4646805324936052,0,0.9920646280567356,1,0.35509274637442734,0,0.5,1,0.46496503894755803,0,0.0632647747982296,0,0.42333333333333334,0,0.33,0,0.38707326388698926,0,0.29167051208732586,0,0.2811561,0,0.3943106688199883,0
1,0.3121930922030427,0,0.4769696701301589,0,0.09838203313630249,0,0.6347690038869196,1,0.54596851834619,1,0.4824322002104932,0,0.4149117814456459,0,0.5466666666666666,1,0.5733333333333334,1,0.6048958325373219,1,0.30502604123599886,0,0.5466898,1,0.49987934410168783,0
1,0.22481434059920172,0,0.45146660945495415,0,0.0002370592887576524,0,0.28426501876839855,0,0.4548503625326683,0,0.44938256834738444,0,1.0,1,0.36,0,0.42333333333333334,0,0.2619988035893539,0,0.2514853266567873,0,0.3995706,0,0.4103081328160036,0
1,0.9302910238579882,1,0.6378815685419085,1,1.0,1,0.6458992228376322,1,0.540243466820692,1,0.6023689891014367,1,0.21269146608315095,0,0.5466666666666666,1,0.62,1,0.5563884494734713,1,0.8508520108582417,1,0.4003863,0,0.6767822624807177,1
0,0.7733835780889908,1,0.5509638145071981,1,0.9752069978447538,1,0.5423972620358747,1,0.5184776950978763,1,0.5612602209421803,1,0.0,0,0.57,1,0.5833333333333334,1,0.45126431541539236,0,0.7161757567533517,1,0.63967454,1,0.5534711619621465,1
1,0.31316980309978854,0,0.49317239936928453,0,0.597995695967565,1,0.6347658341760588,1,0.4784919664932896,0,0.4738175794331651,0,1.0,1,0.54,1,0.5633333333333334,1,0.3126655370396046,0,0.38885238724131227,0,0.7039673,1,0.4409369374447298,0
1,0.6581645338171356,1,0.5261878100117293,1,0.010578737554200494,0,0.5668329796166519,1,0.5,1,0.5464848404852383,1,0.4476512127724899,0,0.5133333333333333,1,0.48333333333333334,0,0.5181663367189712,1,0.6501001126006958,1,0.557129,1,0.5378528933546897,1
0,0.7030529102629879,1,0.5602621626982435,1,0.9999998625661514,1,0.45636332089781084,0,0.566786011989487,1,0.5366310733518469,1,0.48599999999999993,0,0.59,1,0.5833333333333334,1,0.48632731374976923,0,0.6389857732726364,1,0.50733757,1,0.599156902675574,1
1,0.4254773647769636,0,0.510567467006791,1,0.0024663307625588794,0,0.4420566008553461,0,0.4163402743022649,0,0.4878836460116468,0,1.0,1,0.34,0,0.42,0,0.2476864316882522,0,0.38617436193432186,0,0.35441896,0,0.3883058573176261,0
0,0.718643918482199,1,0.5223026256248838,1,0.9997539131265852,1,0.267004087231577,0,0.5737101431713589,1,0.5332671274662609,1,1.0,1,0.6066666666666667,1,0.5266666666666666,1,0.7106387785205643,1,0.7312318144643593,1,0.4256006,0,0.6142387730227431,1
0,0.5795452573327476,1,0.5125227459828442,1,0.15203184120393617,0,0.523530981144366,1,0.49297060294274947,0,0.5237472356084759,1,0.4149117814456459,0,0.5066666666666667,1,0.5033333333333333,1,0.43769757500514606,0,0.6167578777770731,1,0.4981499,0,0.4888597607103425,0
1,0.5614764700138478,1,0.5141273517150365,1,0.9835063729644985,1,0.7909709980192167,1,0.5424608374893068,1,0.516370433621412,1,0.48599999999999993,0,0.5833333333333334,1,0.5833333333333334,1,0.7344442496406516,1,0.6272503687134274,1,0.4644133,0,0.5710602527037661,1
1,0.8862724843303784,1,0.5632664958697025,1,0.9999999973974809,1,0.5211422690954103,1,0.5608798209630621,1,0.5697473980943278,1,0.1590314136125654,0,0.49,0,0.51,1,0.5626842290531493,1,0.8497139727269558,1,0.66923535,1,0.5766368044547538,1
0,0.47181163525891423,0,0.5089044500973766,1,0.9999353706093925,1,0.27554488963192125,0,0.512092081157006,1,0.5208399661730819,1,0.23964497041420113,0,0.5233333333333333,1,0.4666666666666667,0,0.6128423576249612,1,0.4501915530616698,0,0.30556548,0,0.48793585447150034,0
1,0.6331467592665456,1,0.5106138737478159,1,0.9999993546527812,1,0.46044422074920033,0,0.5314974065839282,1,0.5366480473075322,1,0.21269146608315095,0,0.6166666666666667,1,0.5433333333333333,1,0.524979972945405,1,0.5999001373836729,1,0.6679877,1,0.5588797106932971,1
1,0.4247811094563749,0,0.49148156854043135,0,0.008389159983420042,0,0.2777322203679437,0,0.4517796346644889,0,0.4902803349147031,0,0.0,0,0.39666666666666667,0,0.39666666666666667,0,0.219985849249244,0,0.38836933867604656,0,0.36234942,0,0.425224539195198,0
1,0.6556056817566871,1,0.5358141075052927,1,0.8478779317203387,1,0.25935597587286285,0,0.5508843340313807,1,0.5285822110424347,1,1.0,1,0.47333333333333333,0,0.5033333333333333,1,0.5054788474062191,1,0.641487295265705,1,0.48688036,0,0.5157407200436132,1
0,0.9322834176641578,1,0.5852043155149437,1,0.9040899620963202,1,0.9112447801623954,1,0.5762669123398622,1,0.5986463937769866,1,0.8948445171849426,1,0.6333333333333333,1,0.6766666666666666,1,0.7460824332834878,1,0.9318654582896748,1,0.5439096,1,0.6661933982879903,1
0,0.2610943296619502,0,0.4706345077915568,0,0.9999986833641542,1,0.3720481237480693,0,0.5369995293403711,1,0.4701234006213818,0,0.27442123094297,0,0.53,1,0.5033333333333333,1,0.343507820043723,0,0.38218338056819057,0,0.52890456,1,0.462705242150906,0
1,0.16265625637169528,0,0.44733910165423457,0,4.3756935815160007e-07,0,0.3707014546268544,0,0.4136560361177658,0,0.4437533645809996,0,0.0,0,0.3933333333333333,0,0.41,0,0.14907964467839344,0,0.1607831991636052,0,0.16338837,0,0.3326010476510732,0
0,0.42350605302277206,0,0.5160325619508518,1,0.9999052882645678,1,0.5456816060198273,1,0.5739502349690154,1,0.5057327487886049,1,0.6802488335925349,1,0.6466666666666666,1,0.65,1,0.6485384864183243,1,0.4315528247900052,0,0.6417322,1,0.5667551411944969,1
0,0.7277593133291897,1,0.5520164786934918,1,0.9998438987781191,1,0.6456350873204619,1,0.5909277334704116,1,0.5412742884784661,1,0.9043542984741347,1,0.6033333333333334,1,0.57,1,0.6386503646645122,1,0.67664599763051,1,0.48301497,0,0.5793046182420254,1
0,0.9497136857462317,1,0.5894003614489913,1,0.9999999133397106,1,0.8106892447230043,1,0.6342894514021751,1,0.6032892257822571,1,1.0,1,0.7966666666666666,1,0.7266666666666667,1,0.9393445164714691,1,0.945070535241214,1,0.78475785,1,0.7637127387303061,1
0,0.4410556099237237,0,0.5106153006519598,1,0.4280312640707357,0,0.37802474436363087,0,0.5,1,0.5,1,0.0,0,0.4533333333333333,0,0.42,0,0.4367008727202154,0,0.4231894137712927,0,0.48603866,0,0.4720923056205772,0
0,0.5603329473641231,1,0.5129363876679328,1,0.986575072989004,1,0.6473024222901693,1,0.5659282648817829,1,0.5316689343440889,1,0.48599999999999993,0,0.5066666666666667,1,0.6266666666666667,1,0.5692671736327862,1,0.5363204471464423,1,0.7170791,1,0.5156964294003036,1
0,0.7371821565124357,1,0.5223647663727051,1,2.7976438996560713e-05,0,0.4360033275228011,0,0.45654621754851116,0,0.5361029845541038,1,0.8345138441725692,1,0.49,0,0.43666666666666665,0,0.3897216220313744,0,0.681355682225537,1,0.2721391,0,0.49294513328759465,0
0,0.3249562712945601,0,0.47970758607016295,0,7.041060596716797e-11,0,0.4454464548019365,0,0.44210680189659773,0,0.5,1,0.486,0,0.41,0,0.43,0,0.43167376697518844,0,0.3697435556213003,0,0.30190015,0,0.4048740261002101,0
1,0.840963195777508,1,0.5716572506998849,1,0.8113372172816516,1,0.6491052924380927,1,0.5898840927239419,1,0.5708324652878276,1,1.0,1,0.6233333333333333,1,0.63,1,0.6761974170615038,1,0.8467176621974637,1,0.5782955,1,0.6511456900120303,1
1,0.3602727804820132,0,0.4934372769293825,0,0.00017531230639969436,0,0.4803003984825934,0,0.45777353701802553,0,0.48232518302919103,0,0.0,0,0.42333333333333334,0,0.49666666666666665,0,0.2427220195842407,0,0.33507046176294936,0,0.3289962,0,0.42438385215066876,0
0,0.6731766140017745,1,0.5323438944533864,1,0.12558190424952936,0,0.44113099445565074,0,0.5085240131202577,1,0.560305874644268,1,0.6802488335925349,1,0.6433333333333333,1,0.65,1,0.7919183802170384,1,0.6739135971760561,1,0.44521815,0,0.6349657199745378,1
0,0.28263753520626933,0,0.47966148940072584,0,0.9459263814733617,1,0.6364820591407255,1,0.5480376043640286,1,0.4903553900645321,0,0.386634844868735,0,0.5833333333333334,1,0.5633333333333334,1,0.39133244465969,0,0.22257617349200173,0,0.53730303,1,0.5061682663175635,1
1,0.8281614221763521,1,0.5618994622055535,1,0.9999666597617933,1,0.4588499966882174,0,0.57553304656668,1,0.5691794613657012,1,1.0,1,0.6566666666666666,1,0.6166666666666667,1,0.4975043416699282,0,0.7880243896458454,1,0.60777766,1,0.5992646703657704,1
1,0.32809693703642706,0,0.49552913013643085,0,0.010024096304665395,0,0.25573775221372075,0,0.4437993279715672,0,0.4801422629801874,0,0.0632647747982296,0,0.36333333333333334,0,0.4033333333333333,0,0.4666804263261679,0,0.33673392902896837,0,0.3531888,0,0.41547100775857615,0
1,0.46521125939978064,0,0.5008293099536291,1,0.9999992175426874,1,0.43678220750995733,0,0.5583357569045613,1,0.49341631632455135,0,0.23964497041420113,0,0.5166666666666667,1,0.4633333333333333,0,0.5086452781280976,1,0.5374217137253204,1,0.47789916,0,0.5056651282713128,1
0,0.27785148283133604,0,0.49839977241316785,0,6.264387561442566e-10,0,0.35763579227232484,0,0.43125973087426583,0,0.4857280005566117,0,0.0,0,0.34,0,0.38666666666666666,0,0.36933454725804166,0,0.28837157298484334,0,0.24929725,0,0.35747613268862416,0
0,0.5286087772473166,1,0.5207365210335329,1,0.9998468560135361,1,0.6208285750553906,1,0.5631830485389555,1,0.5108439366710416,1,0.0,0,0.62,1,0.6266666666666667,1,0.6122716130099022,1,0.495815311235888,0,0.7845916,1,0.5614595954464849,1
1,0.2561666183283818,0,0.446651694989295,0,0.9823514285608349,1,0.36958917697577093,0,0.5343871171995724,1,0.49104627170091425,0,0.48599999999999993,0,0.4766666666666667,0,0.5,1,0.3311068191569531,0,0.30609910743441104,0,0.84425825,1,0.4162946225138642,0
0,0.5782080895463104,1,0.515940947753458,1,0.00019619487761651197,0,0.48406375352615183,0,0.48312479510125983,0,0.526578643176009,1,0.10010298661174045,0,0.51,1,0.49333333333333335,0,0.423156237932741,0,0.5764377343573,1,0.55531085,1,0.4958940152503403,0
0,0.23277713901534636,0,0.48812641275805235,0,0.00030176749905146165,0,0.43611909036698004,0,0.4170734093820913,0,0.48741660732520203,0,0.0,0,0.4033333333333333,0,0.37,0,0.26749792745321815,0,0.1971692536806719,0,0.35295933,0,0.3749510666439371,0
0,0.4839139598967005,0,0.45476079019365273,0,0.9999831620157736,1,0.5932187600011619,1,0.5927799287527509,1,0.5148829447286497,1,1.0,1,0.5766666666666667,1,0.5066666666666667,1,0.49125501977525526,0,0.5498476640613391,1,0.67842877,1,0.5626386690056998,1
1,0.16149517727834795,0,0.46601527706255047,0,0.001983849221976935,0,0.1950402932697571,0,0.40325831865683004,0,0.44544192719905795,0,0.5977191413237924,1,0.3233333333333333,0,0.30333333333333334,0,0.3900671148436319,0,0.1710306902564894,0,0.2757418,0,0.343675834878865,0
1,0.3238955720112103,0,0.49131601737889896,0,0.9994908078868799,1,0.6372206119959806,1,0.5664602051234529,1,0.49244822960369883,0,0.8948445171849426,1,0.6933333333333334,1,0.6966666666666667,1,0.6318096375761754,1,0.3334178482914021,0,0.6326641,1,0.5700802040372278,1
0,0.3846132274283529,0,0.5035387639645776,1,2.015138492980276e-06,0,0.3700957997875491,0,0.3958675103945716,0,0.49182882097254743,0,0.4476512127724899,0,0.38,0,0.36,0,0.19140797227931178,0,0.37517972135520977,0,0.3592673,0,0.37620569028260775,0
0,0.41755901535308043,0,0.5049697287460493,1,1.7709231885003376e-05,0,0.4642261869880485,0,0.4169930222775663,0,0.5107537897826318,1,0.0632647747982296,0,0.3433333333333333,0,0.39,0,0.27861112976757246,0,0.42117756231886644,0,0.3112129,0,0.3975954821095478,0
0,0.6089064407486552,1,0.522323285707348,1,0.5899666319382506,1,0.45634785787300836,0,0.5464091219769389,1,0.5216134510810418,1,0.6802488335925349,1,0.5933333333333334,1,0.5933333333333334,1,0.8341699396547356,1,0.5953203196333691,1,0.67988783,1,0.5633475130175173,1
1,0.8941135532600615,1,0.5965123121569507,1,0.9475691111512214,1,0.8204449270208867,1,0.6113265270141985,1,0.5911059837482752,1,1.0,1,0.7033333333333334,1,0.6133333333333333,1,0.7230159232265391,1,0.8735063518218952,1,0.7143105,1,0.6996506827390584,1
0,0.7420943357827479,1,0.5409857560758707,1,0.9786876018585929,1,0.5555437941196048,1,0.5792169921910622,1,0.5445215505691934,1,0.5977191413237924,1,0.5766666666666667,1,0.59,1,0.630692287781046,1,0.783598399089283,1,0.5128436,1,0.5746587907366612,1
1,0.7704746854760173,1,0.5561729355978483,1,0.7204851463341564,1,0.652948422165964,1,0.5628976612976203,1,0.5496404860353564,1,0.7160220994475138,1,0.66,1,0.6266666666666667,1,0.796840947403748,1,0.7662661888576722,1,0.7157593,1,0.6216866480191301,1
0,0.4800811438477636,0,0.5098122186914107,1,8.627129401827838e-05,0,0.34505816443813353,0,0.48100422520129404,0,0.510599986733793,1,0.27442123094297,0,0.48333333333333334,0,0.42,0,0.4386579812156753,0,0.39620169706553243,0,0.54553473,1,0.4661675897669075,0
0,0.271160157176897,0,0.49224058260478853,0,1.427910970047759e-07,0,0.6579638406815979,1,0.4256364342771628,0,0.48191830974250305,0,0.9043542984741347,1,0.4266666666666667,0,0.44666666666666666,0,0.3498577092832332,0,0.2973306886433056,0,0.22584267,0,0.3749139809405964,0
0,0.4311682451188354,0,0.5192796651525818,1,0.0022714174114655265,0,0.44866454826782715,0,0.5,1,0.506713128155629,1,0.386634844868735,0,0.41333333333333333,0,0.5666666666666667,1,0.47596261049305355,0,0.3899199459801271,0,0.38884267,0,0.4822203319604591,0
1,0.6718100835736239,1,0.5411556133889878,1,0.34627679466270184,0,0.44291153352625784,0,0.516666816905254,1,0.5380509511004782,1,0.0,0,0.43666666666666665,0,0.4166666666666667,0,0.3176469873611046,0,0.5939908962900232,1,0.55130595,1,0.5044089328131148,1
1,0.6079699826858189,1,0.5302600918293567,1,0.21050701174933742,0,0.5439517267501639,1,0.5065119682364246,1,0.5261558509963798,1,0.9190040970690199,1,0.5466666666666666,1,0.5766666666666667,1,0.5258518765051384,1,0.5895154550349528,1,0.5549238,1,0.5285653480680519,1
1,0.9608526898833627,1,0.6736270787073868,1,0.9999999999992042,1,0.6549176987866726,1,0.6662214266756161,1,0.5971872309000879,1,1.0,1,0.77,1,0.82,1,0.9112530284251411,1,0.9638254983035404,1,0.76234215,1,0.7972889674915694,1
0,0.6220495267400001,1,0.5238429702170112,1,0.7354950725688092,1,0.455508011906539,0,0.5471503199009,1,0.5279662855583925,1,1.0,1,0.61,1,0.58,1,0.7841561998224739,1,0.604735712222391,1,0.5460533,1,0.5636077008561464,1
0,0.4181154806952785,0,0.5158506470466543,1,0.0006443410889842979,0,0.3105877956494971,0,0.4384922679547351,0,0.4933141603788737,0,0.0,0,0.3433333333333333,0,0.37,0,0.3168090764302713,0,0.3975360463527833,0,0.55154365,1,0.42265593317248257,0
1,0.5402332227554871,1,0.5231489475159431,1,0.9574328643466122,1,0.5319145508905577,1,0.547719367506276,1,0.5187076648510155,1,0.0,0,0.5233333333333333,1,0.58,1,0.6558255492393661,1,0.5236679414744563,1,0.4823352,0,0.5517287552779971,1
1,0.6056279636991705,1,0.5482191406978181,1,0.00033511324024942967,0,0.5569167726048572,1,0.47466588216138134,0,0.5380445030584492,1,0.19118804091266717,0,0.48333333333333334,0,0.4666666666666667,0,0.2842344497092878,0,0.6055578678149709,1,0.3966892,0,0.47879360933186205,0
0,0.7527020576244176,1,0.5440348507641193,1,0.9998606434114818,1,0.6443272758307239,1,0.6195665687861146,1,0.5460678258006747,1,0.21269146608315095,0,0.7033333333333334,1,0.7433333333333333,1,0.8058742996366378,1,0.7617927430854178,1,0.80641717,1,0.6781687079274004,1
1,0.6317520140849086,1,0.5298627052990799,1,0.9999998451987842,1,0.6374081319044784,1,0.6150507775607129,1,0.523515526881756,1,1.0,1,0.67,1,0.6633333333333333,1,0.8534843287553335,1,0.635864839551197,1,0.7724606,1,0.6600475947548217,1
1,0.5396408164801063,1,0.5077639523690877,1,0.10576869937385135,0,0.36093273641616086,0,0.4778697953694826,0,0.5387878751584099,1,0.5245143385753931,1,0.44,0,0.41333333333333333,0,0.35745606001622354,0,0.5181772665883974,1,0.2177283,0,0.42844503574963494,0
0,0.21987196653361007,0,0.46938181937850115,0,0.9999721584291277,1,0.6493426083178355,1,0.556757993432937,1,0.48556082207549384,0,0.19118804091266717,0,0.63,1,0.6433333333333333,1,0.6422945118327125,1,0.2772299368173702,0,0.44225052,0,0.5411877045702581,1
0,0.5290300663599911,1,0.4354593423105914,0,0.9999976937444208,1,0.38764717428043355,0,0.596480154233951,1,0.5464124425843745,1,0.1590314136125654,0,0.51,1,0.53,1,0.33384306924222285,0,0.5861347184797814,1,0.6624409,1,0.492980680540224,0
1,0.40578640656730025,0,0.5615660525513404,1,0.9798514746854798,1,0.6534624343381742,1,0.5841314722230032,1,0.5219536983099198,1,1.0,1,0.58,1,0.5566666666666666,1,0.613181877228805,1,0.40747964054528824,0,0.62624407,1,0.5507064701522778,1
0,0.8275038071703278,1,0.5611816237713655,1,0.9337186219539756,1,0.47827791252355556,0,0.530552194894997,1,0.5790260500424349,1,0.2209760533494998,0,0.5633333333333334,1,0.5333333333333333,1,0.6424550995539373,1,0.7981164951401628,1,0.6852185,1,0.5849322928097862,1
0,0.5113063937766781,1,0.5072762240362231,1,0.00702320846393549,0,0.461940851901604,0,0.508187748433897,1,0.5198968686910677,1,0.10010298661174045,0,0.5066666666666667,1,0.5466666666666666,1,0.5512035989995007,1,0.5247095230155543,1,0.45037273,0,0.48946118294414065,0
0,0.34494866187306056,0,0.4886716188604625,0,0.0009435558841185444,0,0.33645207578865854,0,0.4376216658211062,0,0.4888988745361672,0,0.0,0,0.2633333333333333,0,0.3333333333333333,0,0.15745268074642954,0,0.3601438260647531,0,0.5025566,1,0.3658614437899713,0
0,0.6141742112173976,1,0.5332468588777284,1,6.220947899330264e-06,0,0.5620505137332598,1,0.45634493012209804,0,0.5319997340664752,1,0.9190040970690199,1,0.41,0,0.51,1,0.5446546165134596,1,0.5863988079338545,1,0.36952615,0,0.4873686715771157,0
1,0.39784105268755043,0,0.510675257282323,1,2.990198600216446e-07,0,0.5440409476059266,1,0.4185842130545897,0,0.5078286246267538,1,0.09507042253521125,0,0.41333333333333333,0,0.4666666666666667,0,0.4386084922220177,0,0.38875938577194946,0,0.3465226,0,0.41583308396980817,0
1,0.2648815124417909,0,0.4894844452514933,0,6.595069854743098e-08,0,0.2327113593625991,0,0.41431631090641463,0,0.47761075486436855,0,0.486,0,0.31,0,0.37666666666666665,0,0.32826851708329063,0,0.2947180199566667,0,0.2876542,0,0.34889993814344195,0
0,0.4769854515854191,0,0.5071298188100389,1,0.8579849181842449,1,0.630289888546622,1,0.5674060381136723,1,0.5111808749235881,1,1.0,1,0.6533333333333333,1,0.68,1,0.6810799076690985,1,0.512647864443348,1,0.6350131,1,0.5864749061278217,1
1,0.4744357704349291,0,0.5000320217909047,1,0.00014975288349881354,0,0.1706392492192054,0,0.4236231461545633,0,0.5123302108395574,1,0.0,0,0.3433333333333333,0,0.32,0,0.17654035340278507,0,0.45165914830516435,0,0.27101168,0,0.37179245767749897,0
1,0.8087481441439647,1,0.5605002628948326,1,0.9999812677995434,1,0.7192388869691564,1,0.598045040924042,1,0.5667915473820052,1,0.6802488335925349,1,0.66,1,0.6366666666666667,1,0.7809349999311002,1,0.7668362699091776,1,0.79376036,1,0.6687483239352014,1
1,0.3985350406277762,0,0.497486287331293,0,0.09791254599438493,0,0.4190575000194062,0,0.5207937329486346,1,0.5068932257056588,1,0.8345138441725692,1,0.49666666666666665,0,0.47,0,0.4784358132958422,0,0.4131183322240136,0,0.75407976,1,0.48678517290209067,0
1,0.30613665429220843,0,0.4843853799107588,0,0.9352449260110813,1,0.2916024518101549,0,0.5,1,0.46424871758531994,0,1.0,1,0.46,0,0.43666666666666665,0,0.27766246903371766,0,0.28795591513733476,0,0.6564056,1,0.4514985487487276,0
0,0.4606646778795865,0,0.4977082357068928,0,0.00011852475485277786,0,0.45466133693990185,0,0.4857179081828103,0,0.4923192960502039,0,0.6881067961165048,1,0.5366666666666666,1,0.4766666666666667,0,0.5635036434722375,1,0.5301289856298874,1,0.52876997,1,0.5181037797365049,1
0,0.295956333949769,0,0.48840117824369084,0,3.8394526306818596e-06,0,0.2812228639844511,0,0.3978752594720455,0,0.48964364941378624,0,0.19118804091266717,0,0.2866666666666667,0,0.26666666666666666,0,0.21713587468598458,0,0.2877991570521922,0,0.32166073,0,0.32566564726861236,0
0,0.8984377858245076,1,0.5595505885634341,1,0.9999996033403353,1,0.669370631604735,1,0.5989933121798464,1,0.5689848248358504,1,0.790886899918633,1,0.81,1,0.8033333333333333,1,0.8729960637396895,1,0.9002821469968185,1,0.7913335,1,0.7550283491763616,1
1,0.8247741436634837,1,0.5599854510283094,1,0.9999981806136087,1,0.837278078174807,1,0.6295365206019292,1,0.5638959881359136,1,1.0,1,0.84,1,0.79,1,0.8749603879902472,1,0.8318641350516168,1,0.8453072,1,0.7485773389477371,1
